marker	sequence	flags	total	total_mp_sum	total_mp_max	forward_pct	forward	forward_mp_sum	forward_mp_max	reverse	reverse_mp_sum	reverse_mp_max
mtNG_001	REF	allele	332	95.7	100.	100.	332	95.7	100.	0	0.00	0.00
mtNG_001	Other sequences		15	4.32	4.52	100.	15	4.32	4.52	0	0.00	0.00
mtNG_002	A263G	allele	1384	95.5	100.	100.	1384	95.5	100.	0	0.00	0.00
mtNG_002	Other sequences		45	3.11	3.25	100.	45	3.11	3.25	0	0.00	0.00
mtNG_002	A215G A263G		20	1.38	1.45	100.	20	1.38	1.45	0	0.00	0.00
mtNG_003	A263G 309.1C 315.1C	allele	355	60.4	100.	100.	355	60.4	100.	0	0.00	0.00
mtNG_003	A263G 309.1C 309.2C 315.1C	allele	114	19.4	32.1	100.	114	19.4	32.1	0	0.00	0.00
mtNG_003	Other sequences		68	11.6	19.2	100.	68	11.6	19.2	0	0.00	0.00
mtNG_003	A263G A302C 309.1C 315.1C		17	2.89	4.79	100.	17	2.89	4.79	0	0.00	0.00
mtNG_003	A263G 309.1C 309.2C 309.3C 315.1C		16	2.72	4.51	100.	16	2.72	4.51	0	0.00	0.00
mtNG_003	A263G A297C 309.1C 315.1C		8	1.36	2.25	100.	8	1.36	2.25	0	0.00	0.00
mtNG_003	A263G 315.1C		5	0.850	1.41	100.	5	0.850	1.41	0	0.00	0.00
mtNG_003	A263G T310C 310.1A 310.2C		5	0.850	1.41	100.	5	0.850	1.41	0	0.00	0.00
mtNG_004	REF	allele	615	97.5	100.	100.	615	97.5	100.	0	0.00	0.00
mtNG_004	Other sequences		16	2.54	2.60	100.	16	2.54	2.60	0	0.00	0.00
mtNG_005	A523DEL C524DEL	allele	1478	82.0	100.	100.	1478	82.0	100.	0	0.00	0.00
mtNG_005	Other sequences		207	11.5	14.0	100.	207	11.5	14.0	0	0.00	0.00
mtNG_005	G499C A523DEL C524DEL	allele	38	2.11	2.57	100.	38	2.11	2.57	0	0.00	0.00
mtNG_005	A523DEL C524DEL A567G		17	0.943	1.15	100.	17	0.943	1.15	0	0.00	0.00
mtNG_005	C456T A523DEL C524DEL		14	0.776	0.947	100.	14	0.776	0.947	0	0.00	0.00
mtNG_005	A439C A523DEL C524DEL		10	0.555	0.677	100.	10	0.555	0.677	0	0.00	0.00
mtNG_005	A523DEL C524DEL A540G		8	0.444	0.541	100.	8	0.444	0.541	0	0.00	0.00
mtNG_005	A523DEL C524DEL G545C		7	0.388	0.474	100.	7	0.388	0.474	0	0.00	0.00
mtNG_005	A523DEL C524DEL G545A		7	0.388	0.474	100.	7	0.388	0.474	0	0.00	0.00
mtNG_005	C457T A523DEL C524DEL		6	0.333	0.406	100.	6	0.333	0.406	0	0.00	0.00
mtNG_005	A523DEL C524DEL 561.1C		6	0.333	0.406	100.	6	0.333	0.406	0	0.00	0.00
mtNG_005	A523DEL C524DEL A590G		5	0.277	0.338	100.	5	0.277	0.338	0	0.00	0.00
mtNG_006	A750G	allele	2298	92.7	100.	100.	2298	92.7	100.	0	0.00	0.00
mtNG_006	Other sequences		145	5.85	6.31	100.	145	5.85	6.31	0	0.00	0.00
mtNG_006	A735C A750G		10	0.403	0.435	100.	10	0.403	0.435	0	0.00	0.00
mtNG_006	C639A A750G		8	0.323	0.348	100.	8	0.323	0.348	0	0.00	0.00
mtNG_006	A723G A750G		7	0.282	0.305	100.	7	0.282	0.305	0	0.00	0.00
mtNG_006	A735G A750G		7	0.282	0.305	100.	7	0.282	0.305	0	0.00	0.00
mtNG_006	573.1C A750G		5	0.202	0.218	100.	5	0.202	0.218	0	0.00	0.00
mtNG_007	REF	allele	507	90.9	100.	100.	507	90.9	100.	0	0.00	0.00
mtNG_007	Other sequences		46	8.24	9.07	100.	46	8.24	9.07	0	0.00	0.00
mtNG_007	A871T		5	0.896	0.986	100.	5	0.896	0.986	0	0.00	0.00
mtNG_008	REF	allele	1624	93.1	100.	100.	1624	93.1	100.	0	0.00	0.00
mtNG_008	Other sequences		106	6.08	6.53	100.	106	6.08	6.53	0	0.00	0.00
mtNG_008	C1106T C1120T		8	0.459	0.493	100.	8	0.459	0.493	0	0.00	0.00
mtNG_008	A1110G		6	0.344	0.369	100.	6	0.344	0.369	0	0.00	0.00
mtNG_009	REF	allele	2372	89.8	100.	100.	2372	89.8	100.	0	0.00	0.00
mtNG_009	Other sequences		181	6.85	7.63	100.	181	6.85	7.63	0	0.00	0.00
mtNG_009	C1106T C1120T		21	0.795	0.885	100.	21	0.795	0.885	0	0.00	0.00
mtNG_009	T1284C A1292G		20	0.757	0.843	100.	20	0.757	0.843	0	0.00	0.00
mtNG_009	A1110G		10	0.379	0.422	100.	10	0.379	0.422	0	0.00	0.00
mtNG_009	A1277G		10	0.379	0.422	100.	10	0.379	0.422	0	0.00	0.00
mtNG_009	C1261A		10	0.379	0.422	100.	10	0.379	0.422	0	0.00	0.00
mtNG_009	C1250A		7	0.265	0.295	100.	7	0.265	0.295	0	0.00	0.00
mtNG_009	A1240C		6	0.227	0.253	100.	6	0.227	0.253	0	0.00	0.00
mtNG_009	A1232G		5	0.189	0.211	100.	5	0.189	0.211	0	0.00	0.00
mtNG_010	A1438G	allele	1296	94.8	100.	100.	1296	94.8	100.	0	0.00	0.00
mtNG_010	Other sequences		66	4.83	5.09	100.	66	4.83	5.09	0	0.00	0.00
mtNG_010	REF		5	0.366	0.386	100.	5	0.366	0.386	0	0.00	0.00
mtNG_011	A1438G	allele	591	89.7	100.	100.	591	89.7	100.	0	0.00	0.00
mtNG_011	Other sequences		59	8.95	9.98	100.	59	8.95	9.98	0	0.00	0.00
mtNG_011	G1476A C1518T		9	1.37	1.52	100.	9	1.37	1.52	0	0.00	0.00
mtNG_012	REF	allele	2787	94.3	100.	100.	2787	94.3	100.	0	0.00	0.00
mtNG_012	Other sequences		157	5.31	5.63	100.	157	5.31	5.63	0	0.00	0.00
mtNG_012	1760.1T T1766DEL		8	0.271	0.287	100.	8	0.271	0.287	0	0.00	0.00
mtNG_012	C1707A		5	0.169	0.179	100.	5	0.169	0.179	0	0.00	0.00
mtNG_013	REF	allele	1414	93.8	100.	100.	1414	93.8	100.	0	0.00	0.00
mtNG_013	Other sequences		88	5.84	6.22	100.	88	5.84	6.22	0	0.00	0.00
mtNG_013	G1888A		5	0.332	0.354	100.	5	0.332	0.354	0	0.00	0.00
mtNG_014	REF	allele	1229	95.3	100.	100.	1229	95.3	100.	0	0.00	0.00
mtNG_014	Other sequences		61	4.73	4.96	100.	61	4.73	4.96	0	0.00	0.00
mtNG_015	REF	allele	1515	95.4	100.	100.	1515	95.4	100.	0	0.00	0.00
mtNG_015	Other sequences		73	4.60	4.82	100.	73	4.60	4.82	0	0.00	0.00
mtNG_016	REF	allele	3043	94.8	100.	100.	3043	94.8	100.	0	0.00	0.00
mtNG_016	Other sequences		148	4.61	4.86	100.	148	4.61	4.86	0	0.00	0.00
mtNG_016	G2143A		8	0.249	0.263	100.	8	0.249	0.263	0	0.00	0.00
mtNG_016	A2281T		5	0.156	0.164	100.	5	0.156	0.164	0	0.00	0.00
mtNG_016	G2292T		5	0.156	0.164	100.	5	0.156	0.164	0	0.00	0.00
mtNG_017	REF	allele	1368	93.1	100.	100.	1368	93.1	100.	0	0.00	0.00
mtNG_017	Other sequences		96	6.54	7.02	100.	96	6.54	7.02	0	0.00	0.00
mtNG_017	A2412G		5	0.340	0.365	100.	5	0.340	0.365	0	0.00	0.00
mtNG_018	REF	allele	864	92.8	100.	100.	864	92.8	100.	0	0.00	0.00
mtNG_018	Other sequences		67	7.20	7.75	100.	67	7.20	7.75	0	0.00	0.00
mtNG_019	REF	allele	1378	94.6	100.	100.	1378	94.6	100.	0	0.00	0.00
mtNG_019	Other sequences		79	5.42	5.73	100.	79	5.42	5.73	0	0.00	0.00
mtNG_020	REF	allele	3021	94.6	100.	100.	3021	94.6	100.	0	0.00	0.00
mtNG_020	Other sequences		152	4.76	5.03	100.	152	4.76	5.03	0	0.00	0.00
mtNG_020	C2834T		8	0.251	0.265	100.	8	0.251	0.265	0	0.00	0.00
mtNG_020	G2849T		6	0.188	0.199	100.	6	0.188	0.199	0	0.00	0.00
mtNG_020	T2778C		6	0.188	0.199	100.	6	0.188	0.199	0	0.00	0.00
mtNG_021	G3010A N3107DEL	allele	2049	94.3	100.	100.	2049	94.3	100.	0	0.00	0.00
mtNG_021	Other sequences		117	5.38	5.71	100.	117	5.38	5.71	0	0.00	0.00
mtNG_021	G3010A C3035A N3107DEL		7	0.322	0.342	100.	7	0.322	0.342	0	0.00	0.00
mtNG_022	N3107DEL	allele	1888	94.1	100.	100.	1888	94.1	100.	0	0.00	0.00
mtNG_022	Other sequences		119	5.93	6.30	100.	119	5.93	6.30	0	0.00	0.00
mtNG_023	Other sequences		76	44.2	271.	100.	76	44.2	271.	0	0.00	0.00
mtNG_023	A3447C		28	16.3	100.	100.	28	16.3	100.	0	0.00	0.00
mtNG_023	REF		21	12.2	75.0	100.	21	12.2	75.0	0	0.00	0.00
mtNG_023	T3464A		11	6.40	39.3	100.	11	6.40	39.3	0	0.00	0.00
mtNG_023	A3447C C3462A		10	5.81	35.7	100.	10	5.81	35.7	0	0.00	0.00
mtNG_023	A3447C T3464A		8	4.65	28.6	100.	8	4.65	28.6	0	0.00	0.00
mtNG_023	G3428C		7	4.07	25.0	100.	7	4.07	25.0	0	0.00	0.00
mtNG_023	C3477A		6	3.49	21.4	100.	6	3.49	21.4	0	0.00	0.00
mtNG_023	G3428C A3447C		5	2.91	17.9	100.	5	2.91	17.9	0	0.00	0.00
mtNG_024	REF	allele	2009	89.2	100.	100.	2009	89.2	100.	0	0.00	0.00
mtNG_024	Other sequences		181	8.04	9.01	100.	181	8.04	9.01	0	0.00	0.00
mtNG_024	A3628G		22	0.977	1.10	100.	22	0.977	1.10	0	0.00	0.00
mtNG_024	A3628C		13	0.577	0.647	100.	13	0.577	0.647	0	0.00	0.00
mtNG_024	A3602G		8	0.355	0.398	100.	8	0.355	0.398	0	0.00	0.00
mtNG_024	A3579C		7	0.311	0.348	100.	7	0.311	0.348	0	0.00	0.00
mtNG_024	C3629A		7	0.311	0.348	100.	7	0.311	0.348	0	0.00	0.00
mtNG_024	C3493A		5	0.222	0.249	100.	5	0.222	0.249	0	0.00	0.00
mtNG_025	A3796G	allele	3294	94.0	100.	100.	3294	94.0	100.	0	0.00	0.00
mtNG_025	Other sequences		185	5.28	5.62	100.	185	5.28	5.62	0	0.00	0.00
mtNG_025	T3667C A3796G		9	0.257	0.273	100.	9	0.257	0.273	0	0.00	0.00
mtNG_025	T3667G A3796G		7	0.200	0.213	100.	7	0.200	0.213	0	0.00	0.00
mtNG_025	G3665T A3796G		6	0.171	0.182	100.	6	0.171	0.182	0	0.00	0.00
mtNG_025	G3668T A3796G		5	0.143	0.152	100.	5	0.143	0.152	0	0.00	0.00
mtNG_026	REF	allele	800	93.0	100.	100.	800	93.0	100.	0	0.00	0.00
mtNG_026	Other sequences		60	6.98	7.50	100.	60	6.98	7.50	0	0.00	0.00
mtNG_027	REF	allele	1541	92.0	100.	100.	1541	92.0	100.	0	0.00	0.00
mtNG_027	Other sequences		118	7.04	7.66	100.	118	7.04	7.66	0	0.00	0.00
mtNG_027	G4048A A4104G		9	0.537	0.584	100.	9	0.537	0.584	0	0.00	0.00
mtNG_027	G4051T		7	0.418	0.454	100.	7	0.418	0.454	0	0.00	0.00
mtNG_028	REF	allele	3387	94.3	100.	100.	3387	94.3	100.	0	0.00	0.00
mtNG_028	Other sequences		150	4.18	4.43	100.	150	4.18	4.43	0	0.00	0.00
mtNG_028	C4312T C4318T		37	1.03	1.09	100.	37	1.03	1.09	0	0.00	0.00
mtNG_028	G4219T		6	0.167	0.177	100.	6	0.167	0.177	0	0.00	0.00
mtNG_028	G4333T		6	0.167	0.177	100.	6	0.167	0.177	0	0.00	0.00
mtNG_028	A4180C		5	0.139	0.148	100.	5	0.139	0.148	0	0.00	0.00
mtNG_029	REF	allele	3009	92.2	100.	100.	3009	92.2	100.	0	0.00	0.00
mtNG_029	Other sequences		192	5.88	6.38	100.	192	5.88	6.38	0	0.00	0.00
mtNG_029	C4456T		42	1.29	1.40	100.	42	1.29	1.40	0	0.00	0.00
mtNG_029	G4429A		7	0.214	0.233	100.	7	0.214	0.233	0	0.00	0.00
mtNG_029	G4560A		5	0.153	0.166	100.	5	0.153	0.166	0	0.00	0.00
mtNG_029	G4532A		5	0.153	0.166	100.	5	0.153	0.166	0	0.00	0.00
mtNG_029	T4396C		5	0.153	0.166	100.	5	0.153	0.166	0	0.00	0.00
mtNG_030	REF	allele	564	93.8	100.	100.	564	93.8	100.	0	0.00	0.00
mtNG_030	Other sequences		37	6.16	6.56	100.	37	6.16	6.56	0	0.00	0.00
mtNG_031	A4769G	allele	927	92.9	100.	100.	927	92.9	100.	0	0.00	0.00
mtNG_031	Other sequences		66	6.61	7.12	100.	66	6.61	7.12	0	0.00	0.00
mtNG_031	A4769G A4897G		5	0.501	0.539	100.	5	0.501	0.539	0	0.00	0.00
mtNG_032	REF	allele	1300	93.5	100.	100.	1300	93.5	100.	0	0.00	0.00
mtNG_032	Other sequences		84	6.04	6.46	100.	84	6.04	6.46	0	0.00	0.00
mtNG_032	G4962T		6	0.432	0.462	100.	6	0.432	0.462	0	0.00	0.00
mtNG_033	REF	allele	1421	92.4	100.	100.	1421	92.4	100.	0	0.00	0.00
mtNG_033	Other sequences		95	6.18	6.69	100.	95	6.18	6.69	0	0.00	0.00
mtNG_033	G5147A		11	0.715	0.774	100.	11	0.715	0.774	0	0.00	0.00
mtNG_033	A5208C		6	0.390	0.422	100.	6	0.390	0.422	0	0.00	0.00
mtNG_033	A5208T		5	0.325	0.352	100.	5	0.325	0.352	0	0.00	0.00
mtNG_034	REF	allele	2776	91.6	100.	100.	2776	91.6	100.	0	0.00	0.00
mtNG_034	Other sequences		207	6.83	7.46	100.	207	6.83	7.46	0	0.00	0.00
mtNG_034	C5320T A5351G C5387T		16	0.528	0.576	100.	16	0.528	0.576	0	0.00	0.00
mtNG_034	G5400T		14	0.462	0.504	100.	14	0.462	0.504	0	0.00	0.00
mtNG_034	C5317A		7	0.231	0.252	100.	7	0.231	0.252	0	0.00	0.00
mtNG_034	C5399T		6	0.198	0.216	100.	6	0.198	0.216	0	0.00	0.00
mtNG_034	G5226A		6	0.198	0.216	100.	6	0.198	0.216	0	0.00	0.00
mtNG_035	REF	allele	2675	93.3	100.	100.	2675	93.3	100.	0	0.00	0.00
mtNG_035	Other sequences		186	6.49	6.95	100.	186	6.49	6.95	0	0.00	0.00
mtNG_035	C5551A		5	0.174	0.187	100.	5	0.174	0.187	0	0.00	0.00
mtNG_036	REF	allele	3472	89.9	100.	100.	3472	89.9	100.	0	0.00	0.00
mtNG_036	Other sequences		247	6.40	7.11	100.	247	6.40	7.11	0	0.00	0.00
mtNG_036	G5631T		22	0.570	0.634	100.	22	0.570	0.634	0	0.00	0.00
mtNG_036	A5729G		21	0.544	0.605	100.	21	0.544	0.605	0	0.00	0.00
mtNG_036	T5580C		20	0.518	0.576	100.	20	0.518	0.576	0	0.00	0.00
mtNG_036	A5705C		12	0.311	0.346	100.	12	0.311	0.346	0	0.00	0.00
mtNG_036	A5729C		10	0.259	0.288	100.	10	0.259	0.288	0	0.00	0.00
mtNG_036	A5752DEL		8	0.207	0.230	100.	8	0.207	0.230	0	0.00	0.00
mtNG_036	A5752G		7	0.181	0.202	100.	7	0.181	0.202	0	0.00	0.00
mtNG_036	G5753T		7	0.181	0.202	100.	7	0.181	0.202	0	0.00	0.00
mtNG_036	A5729T		6	0.155	0.173	100.	6	0.155	0.173	0	0.00	0.00
mtNG_036	C5708T		5	0.129	0.144	100.	5	0.129	0.144	0	0.00	0.00
mtNG_036	T5734G		5	0.129	0.144	100.	5	0.129	0.144	0	0.00	0.00
mtNG_036	T5734C		5	0.129	0.144	100.	5	0.129	0.144	0	0.00	0.00
mtNG_036	T5734A		5	0.129	0.144	100.	5	0.129	0.144	0	0.00	0.00
mtNG_036	T5726G		5	0.129	0.144	100.	5	0.129	0.144	0	0.00	0.00
mtNG_036	T5712G		5	0.129	0.144	100.	5	0.129	0.144	0	0.00	0.00
mtNG_037	REF	allele	2105	90.2	100.	100.	2105	90.2	100.	0	0.00	0.00
mtNG_037	Other sequences		183	7.84	8.69	100.	183	7.84	8.69	0	0.00	0.00
mtNG_037	A5752DEL		9	0.386	0.428	100.	9	0.386	0.428	0	0.00	0.00
mtNG_037	C5755T		8	0.343	0.380	100.	8	0.343	0.380	0	0.00	0.00
mtNG_037	G5821A C5840T		7	0.300	0.333	100.	7	0.300	0.333	0	0.00	0.00
mtNG_037	C5743A G5746A		7	0.300	0.333	100.	7	0.300	0.333	0	0.00	0.00
mtNG_037	G5783T		5	0.214	0.238	100.	5	0.214	0.238	0	0.00	0.00
mtNG_037	C5899A		5	0.214	0.238	100.	5	0.214	0.238	0	0.00	0.00
mtNG_037	C5897A		5	0.214	0.238	100.	5	0.214	0.238	0	0.00	0.00
mtNG_038	REF	allele	1515	93.2	100.	100.	1515	93.2	100.	0	0.00	0.00
mtNG_038	Other sequences		106	6.52	7.00	100.	106	6.52	7.00	0	0.00	0.00
mtNG_038	G5991T		5	0.308	0.330	100.	5	0.308	0.330	0	0.00	0.00
mtNG_039	REF	allele	1897	91.5	100.	100.	1897	91.5	100.	0	0.00	0.00
mtNG_039	Other sequences		165	7.96	8.70	100.	165	7.96	8.70	0	0.00	0.00
mtNG_039	A6126G		6	0.289	0.316	100.	6	0.289	0.316	0	0.00	0.00
mtNG_039	A6289C		6	0.289	0.316	100.	6	0.289	0.316	0	0.00	0.00
mtNG_040	REF	allele	1658	82.3	100.	100.	1658	82.3	100.	0	0.00	0.00
mtNG_040	A6419C	allele	192	9.53	11.6	100.	192	9.53	11.6	0	0.00	0.00
mtNG_040	Other sequences		147	7.30	8.87	100.	147	7.30	8.87	0	0.00	0.00
mtNG_040	A6419G		7	0.348	0.422	100.	7	0.348	0.422	0	0.00	0.00
mtNG_040	A6419T		5	0.248	0.302	100.	5	0.248	0.302	0	0.00	0.00
mtNG_040	C6424DEL		5	0.248	0.302	100.	5	0.248	0.302	0	0.00	0.00
mtNG_041	REF	allele	1823	90.8	100.	100.	1823	90.8	100.	0	0.00	0.00
mtNG_041	Other sequences		179	8.91	9.82	100.	179	8.91	9.82	0	0.00	0.00
mtNG_041	G6573A		6	0.299	0.329	100.	6	0.299	0.329	0	0.00	0.00
mtNG_042	REF	allele	1586	94.1	100.	100.	1586	94.1	100.	0	0.00	0.00
mtNG_042	Other sequences		90	5.34	5.67	100.	90	5.34	5.67	0	0.00	0.00
mtNG_042	T6641C		10	0.593	0.631	100.	10	0.593	0.631	0	0.00	0.00
mtNG_043	REF	allele	1675	93.3	100.	100.	1675	93.3	100.	0	0.00	0.00
mtNG_043	Other sequences		95	5.29	5.67	100.	95	5.29	5.67	0	0.00	0.00
mtNG_043	C6935T C6938T		19	1.06	1.13	100.	19	1.06	1.13	0	0.00	0.00
mtNG_043	C6845A		6	0.334	0.358	100.	6	0.334	0.358	0	0.00	0.00
mtNG_044	REF	allele	2070	94.0	100.	100.	2070	94.0	100.	0	0.00	0.00
mtNG_044	Other sequences		114	5.17	5.51	100.	114	5.17	5.51	0	0.00	0.00
mtNG_044	T6956C		9	0.409	0.435	100.	9	0.409	0.435	0	0.00	0.00
mtNG_044	A7113T		5	0.227	0.242	100.	5	0.227	0.242	0	0.00	0.00
mtNG_044	C7044A		5	0.227	0.242	100.	5	0.227	0.242	0	0.00	0.00
mtNG_045	REF	allele	622	95.0	100.	100.	622	95.0	100.	0	0.00	0.00
mtNG_045	Other sequences		33	5.04	5.31	100.	33	5.04	5.31	0	0.00	0.00
mtNG_046	REF	allele	3142	91.7	100.	100.	3142	91.7	100.	0	0.00	0.00
mtNG_046	Other sequences		244	7.12	7.77	100.	244	7.12	7.77	0	0.00	0.00
mtNG_046	G7316A		13	0.379	0.414	100.	13	0.379	0.414	0	0.00	0.00
mtNG_046	A7465T		12	0.350	0.382	100.	12	0.350	0.382	0	0.00	0.00
mtNG_046	T7461A		5	0.146	0.159	100.	5	0.146	0.159	0	0.00	0.00
mtNG_046	C7433A		5	0.146	0.159	100.	5	0.146	0.159	0	0.00	0.00
mtNG_046	C7402DEL		5	0.146	0.159	100.	5	0.146	0.159	0	0.00	0.00
mtNG_047	REF	allele	1466	93.1	100.	100.	1466	93.1	100.	0	0.00	0.00
mtNG_047	Other sequences		96	6.10	6.55	100.	96	6.10	6.55	0	0.00	0.00
mtNG_047	T7522C		8	0.508	0.546	100.	8	0.508	0.546	0	0.00	0.00
mtNG_047	T7522A		5	0.317	0.341	100.	5	0.317	0.341	0	0.00	0.00
mtNG_048	REF	allele	1267	95.3	100.	100.	1267	95.3	100.	0	0.00	0.00
mtNG_048	Other sequences		62	4.67	4.89	100.	62	4.67	4.89	0	0.00	0.00
mtNG_049	REF	allele	623	92.8	100.	100.	623	92.8	100.	0	0.00	0.00
mtNG_049	Other sequences		48	7.15	7.70	100.	48	7.15	7.70	0	0.00	0.00
mtNG_050	REF	allele	2215	93.4	100.	100.	2215	93.4	100.	0	0.00	0.00
mtNG_050	Other sequences		142	5.99	6.41	100.	142	5.99	6.41	0	0.00	0.00
mtNG_050	G8148T		8	0.337	0.361	100.	8	0.337	0.361	0	0.00	0.00
mtNG_050	G8065T		6	0.253	0.271	100.	6	0.253	0.271	0	0.00	0.00
mtNG_051	REF	allele	1176	92.4	100.	100.	1176	92.4	100.	0	0.00	0.00
mtNG_051	Other sequences		97	7.62	8.25	100.	97	7.62	8.25	0	0.00	0.00
mtNG_052	REF	allele	3359	92.6	100.	100.	3359	92.6	100.	0	0.00	0.00
mtNG_052	Other sequences		206	5.68	6.13	100.	206	5.68	6.13	0	0.00	0.00
mtNG_052	G8392A C8455T C8461T T8503C G8545A		24	0.661	0.714	100.	24	0.661	0.714	0	0.00	0.00
mtNG_052	G8392A		10	0.276	0.298	100.	10	0.276	0.298	0	0.00	0.00
mtNG_052	G8485T		8	0.220	0.238	100.	8	0.220	0.238	0	0.00	0.00
mtNG_052	T8503C G8545A		7	0.193	0.208	100.	7	0.193	0.208	0	0.00	0.00
mtNG_052	C8532T		5	0.138	0.149	100.	5	0.138	0.149	0	0.00	0.00
mtNG_052	G8545A		5	0.138	0.149	100.	5	0.138	0.149	0	0.00	0.00
mtNG_052	C8467A		5	0.138	0.149	100.	5	0.138	0.149	0	0.00	0.00
mtNG_053	REF	allele	1267	92.9	100.	100.	1267	92.9	100.	0	0.00	0.00
mtNG_053	Other sequences		90	6.60	7.10	100.	90	6.60	7.10	0	0.00	0.00
mtNG_053	G8545A C8655T A8677C A8701G		7	0.513	0.552	100.	7	0.513	0.552	0	0.00	0.00
mtNG_054	A8860G	allele	1472	89.6	100.	100.	1472	89.6	100.	0	0.00	0.00
mtNG_054	Other sequences		115	7.00	7.81	100.	115	7.00	7.81	0	0.00	0.00
mtNG_054	G8856C A8860G		15	0.914	1.02	100.	15	0.914	1.02	0	0.00	0.00
mtNG_054	G8856A A8860G		15	0.914	1.02	100.	15	0.914	1.02	0	0.00	0.00
mtNG_054	A8812C A8860G		8	0.487	0.543	100.	8	0.487	0.543	0	0.00	0.00
mtNG_054	A8812G A8860G		6	0.365	0.408	100.	6	0.365	0.408	0	0.00	0.00
mtNG_054	C8844A A8860G		6	0.365	0.408	100.	6	0.365	0.408	0	0.00	0.00
mtNG_054	T8825C A8860G		5	0.305	0.340	100.	5	0.305	0.340	0	0.00	0.00
mtNG_055	REF	allele	2687	94.2	100.	100.	2687	94.2	100.	0	0.00	0.00
mtNG_055	Other sequences		145	5.09	5.40	100.	145	5.09	5.40	0	0.00	0.00
mtNG_055	C9028T		7	0.246	0.261	100.	7	0.246	0.261	0	0.00	0.00
mtNG_055	C8934A		7	0.246	0.261	100.	7	0.246	0.261	0	0.00	0.00
mtNG_055	A9041G		5	0.175	0.186	100.	5	0.175	0.186	0	0.00	0.00
mtNG_056	REF	allele	508	91.9	100.	100.	508	91.9	100.	0	0.00	0.00
mtNG_056	Other sequences		45	8.14	8.86	100.	45	8.14	8.86	0	0.00	0.00
mtNG_057	REF	allele	862	93.2	100.	100.	862	93.2	100.	0	0.00	0.00
mtNG_057	Other sequences		53	5.73	6.15	100.	53	5.73	6.15	0	0.00	0.00
mtNG_057	A9254G T9325C G9329C		5	0.541	0.580	100.	5	0.541	0.580	0	0.00	0.00
mtNG_057	A9377G		5	0.541	0.580	100.	5	0.541	0.580	0	0.00	0.00
mtNG_058	REF	allele	2336	89.2	100.	100.	2336	89.2	100.	0	0.00	0.00
mtNG_058	Other sequences		209	7.98	8.95	100.	209	7.98	8.95	0	0.00	0.00
mtNG_058	A9434G		14	0.535	0.599	100.	14	0.535	0.599	0	0.00	0.00
mtNG_058	G9438A		8	0.305	0.342	100.	8	0.305	0.342	0	0.00	0.00
mtNG_058	G9429T		7	0.267	0.300	100.	7	0.267	0.300	0	0.00	0.00
mtNG_058	G9445T		7	0.267	0.300	100.	7	0.267	0.300	0	0.00	0.00
mtNG_058	C9527T T9530C T9540C A9545G G9548A		7	0.267	0.300	100.	7	0.267	0.300	0	0.00	0.00
mtNG_058	T9530G		6	0.229	0.257	100.	6	0.229	0.257	0	0.00	0.00
mtNG_058	C9470T		5	0.191	0.214	100.	5	0.191	0.214	0	0.00	0.00
mtNG_058	G9565T		5	0.191	0.214	100.	5	0.191	0.214	0	0.00	0.00
mtNG_058	T9540C		5	0.191	0.214	100.	5	0.191	0.214	0	0.00	0.00
mtNG_058	C9536A		5	0.191	0.214	100.	5	0.191	0.214	0	0.00	0.00
mtNG_058	T9516A		5	0.191	0.214	100.	5	0.191	0.214	0	0.00	0.00
mtNG_059	REF	allele	1554	88.0	100.	100.	1554	88.0	100.	0	0.00	0.00
mtNG_059	Other sequences		183	10.4	11.8	100.	183	10.4	11.8	0	0.00	0.00
mtNG_059	G9553T		18	1.02	1.16	100.	18	1.02	1.16	0	0.00	0.00
mtNG_059	A9629G		5	0.283	0.322	100.	5	0.283	0.322	0	0.00	0.00
mtNG_059	T9592C		5	0.283	0.322	100.	5	0.283	0.322	0	0.00	0.00
mtNG_060	REF	allele	1511	94.1	100.	100.	1511	94.1	100.	0	0.00	0.00
mtNG_060	Other sequences		89	5.54	5.89	100.	89	5.54	5.89	0	0.00	0.00
mtNG_060	C9884T		6	0.374	0.397	100.	6	0.374	0.397	0	0.00	0.00
mtNG_061	REF	allele	871	94.6	100.	100.	871	94.6	100.	0	0.00	0.00
mtNG_061	Other sequences		50	5.43	5.74	100.	50	5.43	5.74	0	0.00	0.00
mtNG_062	REF	allele	2659	91.8	100.	100.	2659	91.8	100.	0	0.00	0.00
mtNG_062	Other sequences		201	6.94	7.56	100.	201	6.94	7.56	0	0.00	0.00
mtNG_062	G10230T		12	0.414	0.451	100.	12	0.414	0.451	0	0.00	0.00
mtNG_062	A10239G		10	0.345	0.376	100.	10	0.345	0.376	0	0.00	0.00
mtNG_062	A10239T		9	0.311	0.338	100.	9	0.311	0.338	0	0.00	0.00
mtNG_062	T10057C		5	0.173	0.188	100.	5	0.173	0.188	0	0.00	0.00
mtNG_063	REF	allele	2053	91.8	100.	100.	2053	91.8	100.	0	0.00	0.00
mtNG_063	Other sequences		169	7.56	8.23	100.	169	7.56	8.23	0	0.00	0.00
mtNG_063	G10320T		14	0.626	0.682	100.	14	0.626	0.682	0	0.00	0.00
mtNG_064	REF	allele	3083	93.7	100.	100.	3083	93.7	100.	0	0.00	0.00
mtNG_064	Other sequences		200	6.08	6.49	100.	200	6.08	6.49	0	0.00	0.00
mtNG_064	A10543G		6	0.182	0.195	100.	6	0.182	0.195	0	0.00	0.00
mtNG_065	REF	allele	395	92.5	100.	100.	395	92.5	100.	0	0.00	0.00
mtNG_065	Other sequences		32	7.49	8.10	100.	32	7.49	8.10	0	0.00	0.00
mtNG_066	REF	allele	1330	89.6	100.	100.	1330	89.6	100.	0	0.00	0.00
mtNG_066	Other sequences		144	9.70	10.8	100.	144	9.70	10.8	0	0.00	0.00
mtNG_066	A10946G		6	0.404	0.451	100.	6	0.404	0.451	0	0.00	0.00
mtNG_066	A10868T		5	0.337	0.376	100.	5	0.337	0.376	0	0.00	0.00
mtNG_067	REF	allele	3703	83.5	100.	100.	3703	83.5	100.	0	0.00	0.00
mtNG_067	Other sequences		414	9.34	11.2	100.	414	9.34	11.2	0	0.00	0.00
mtNG_067	A10972C		29	0.654	0.783	100.	29	0.654	0.783	0	0.00	0.00
mtNG_067	A10963C		26	0.587	0.702	100.	26	0.587	0.702	0	0.00	0.00
mtNG_067	A10945C		25	0.564	0.675	100.	25	0.564	0.675	0	0.00	0.00
mtNG_067	A10985C		23	0.519	0.621	100.	23	0.519	0.621	0	0.00	0.00
mtNG_067	G10971T		18	0.406	0.486	100.	18	0.406	0.486	0	0.00	0.00
mtNG_067	A10935C		14	0.316	0.378	100.	14	0.316	0.378	0	0.00	0.00
mtNG_067	A11038DEL		14	0.316	0.378	100.	14	0.316	0.378	0	0.00	0.00
mtNG_067	A10991C		11	0.248	0.297	100.	11	0.248	0.297	0	0.00	0.00
mtNG_067	A10978C		8	0.180	0.216	100.	8	0.180	0.216	0	0.00	0.00
mtNG_067	C10940T		7	0.158	0.189	100.	7	0.158	0.189	0	0.00	0.00
mtNG_067	A10945G		7	0.158	0.189	100.	7	0.158	0.189	0	0.00	0.00
mtNG_067	A10963T		7	0.158	0.189	100.	7	0.158	0.189	0	0.00	0.00
mtNG_067	A10988C		7	0.158	0.189	100.	7	0.158	0.189	0	0.00	0.00
mtNG_067	G11004C		7	0.158	0.189	100.	7	0.158	0.189	0	0.00	0.00
mtNG_067	G10998C		7	0.158	0.189	100.	7	0.158	0.189	0	0.00	0.00
mtNG_067	C10965A		7	0.158	0.189	100.	7	0.158	0.189	0	0.00	0.00
mtNG_067	T10953C		7	0.158	0.189	100.	7	0.158	0.189	0	0.00	0.00
mtNG_067	C10947A		7	0.158	0.189	100.	7	0.158	0.189	0	0.00	0.00
mtNG_067	T10941C		7	0.158	0.189	100.	7	0.158	0.189	0	0.00	0.00
mtNG_067	A10945T		6	0.135	0.162	100.	6	0.135	0.162	0	0.00	0.00
mtNG_067	G10993T		6	0.135	0.162	100.	6	0.135	0.162	0	0.00	0.00
mtNG_067	A10997C		6	0.135	0.162	100.	6	0.135	0.162	0	0.00	0.00
mtNG_067	A11001C		6	0.135	0.162	100.	6	0.135	0.162	0	0.00	0.00
mtNG_067	T11113C		6	0.135	0.162	100.	6	0.135	0.162	0	0.00	0.00
mtNG_067	G10993C		6	0.135	0.162	100.	6	0.135	0.162	0	0.00	0.00
mtNG_067	C10986A		6	0.135	0.162	100.	6	0.135	0.162	0	0.00	0.00
mtNG_067	T10966C		6	0.135	0.162	100.	6	0.135	0.162	0	0.00	0.00
mtNG_067	C10947T		5	0.113	0.135	100.	5	0.113	0.135	0	0.00	0.00
mtNG_067	A10958C		5	0.113	0.135	100.	5	0.113	0.135	0	0.00	0.00
mtNG_067	A10960C		5	0.113	0.135	100.	5	0.113	0.135	0	0.00	0.00
mtNG_067	T10992C		5	0.113	0.135	100.	5	0.113	0.135	0	0.00	0.00
mtNG_067	T10974C		5	0.113	0.135	100.	5	0.113	0.135	0	0.00	0.00
mtNG_067	G10971C		5	0.113	0.135	100.	5	0.113	0.135	0	0.00	0.00
mtNG_068	REF	allele	1831	93.7	100.	100.	1831	93.7	100.	0	0.00	0.00
mtNG_068	Other sequences		123	6.29	6.72	100.	123	6.29	6.72	0	0.00	0.00
mtNG_069	REF	allele	877	94.7	100.	100.	877	94.7	100.	0	0.00	0.00
mtNG_069	Other sequences		49	5.29	5.59	100.	49	5.29	5.59	0	0.00	0.00
mtNG_070	REF	allele	1840	91.7	100.	100.	1840	91.7	100.	0	0.00	0.00
mtNG_070	Other sequences		161	8.02	8.75	100.	161	8.02	8.75	0	0.00	0.00
mtNG_070	C11549A		6	0.299	0.326	100.	6	0.299	0.326	0	0.00	0.00
mtNG_071	REF	allele	1421	93.2	100.	100.	1421	93.2	100.	0	0.00	0.00
mtNG_071	Other sequences		104	6.82	7.32	100.	104	6.82	7.32	0	0.00	0.00
mtNG_072	REF	allele	3444	93.6	100.	100.	3444	93.6	100.	0	0.00	0.00
mtNG_072	Other sequences		201	5.46	5.84	100.	201	5.46	5.84	0	0.00	0.00
mtNG_072	A11923G		7	0.190	0.203	100.	7	0.190	0.203	0	0.00	0.00
mtNG_072	A11966G		6	0.163	0.174	100.	6	0.163	0.174	0	0.00	0.00
mtNG_072	C11981A		6	0.163	0.174	100.	6	0.163	0.174	0	0.00	0.00
mtNG_072	T11929C		6	0.163	0.174	100.	6	0.163	0.174	0	0.00	0.00
mtNG_072	C11862A		6	0.163	0.174	100.	6	0.163	0.174	0	0.00	0.00
mtNG_072	G11843T		5	0.136	0.145	100.	5	0.136	0.145	0	0.00	0.00
mtNG_073	REF	allele	2012	94.8	100.	100.	2012	94.8	100.	0	0.00	0.00
mtNG_073	Other sequences		110	5.18	5.47	100.	110	5.18	5.47	0	0.00	0.00
mtNG_074	REF	allele	2084	93.8	100.	100.	2084	93.8	100.	0	0.00	0.00
mtNG_074	Other sequences		122	5.49	5.85	100.	122	5.49	5.85	0	0.00	0.00
mtNG_074	C12154T		10	0.450	0.480	100.	10	0.450	0.480	0	0.00	0.00
mtNG_074	C12284A		6	0.270	0.288	100.	6	0.270	0.288	0	0.00	0.00
mtNG_075	REF	allele	2833	92.5	100.	100.	2833	92.5	100.	0	0.00	0.00
mtNG_075	Other sequences		174	5.68	6.14	100.	174	5.68	6.14	0	0.00	0.00
mtNG_075	12425.1A		11	0.359	0.388	100.	11	0.359	0.388	0	0.00	0.00
mtNG_075	T12335C		11	0.359	0.388	100.	11	0.359	0.388	0	0.00	0.00
mtNG_075	A12425DEL		9	0.294	0.318	100.	9	0.294	0.318	0	0.00	0.00
mtNG_075	T12335A		8	0.261	0.282	100.	8	0.261	0.282	0	0.00	0.00
mtNG_075	C12385T		6	0.196	0.212	100.	6	0.196	0.212	0	0.00	0.00
mtNG_075	G12454T		5	0.163	0.176	100.	5	0.163	0.176	0	0.00	0.00
mtNG_075	C12350A		5	0.163	0.176	100.	5	0.163	0.176	0	0.00	0.00
mtNG_076	REF	allele	2276	95.3	100.	100.	2276	95.3	100.	0	0.00	0.00
mtNG_076	Other sequences		101	4.23	4.44	100.	101	4.23	4.44	0	0.00	0.00
mtNG_076	C12671A		5	0.209	0.220	100.	5	0.209	0.220	0	0.00	0.00
mtNG_076	C12531A		5	0.209	0.220	100.	5	0.209	0.220	0	0.00	0.00
mtNG_077	REF	allele	627	94.6	100.	100.	627	94.6	100.	0	0.00	0.00
mtNG_077	Other sequences		36	5.43	5.74	100.	36	5.43	5.74	0	0.00	0.00
mtNG_078	REF	allele	1031	94.6	100.	100.	1031	94.6	100.	0	0.00	0.00
mtNG_078	Other sequences		59	5.41	5.72	100.	59	5.41	5.72	0	0.00	0.00
mtNG_079	REF	allele	3304	90.3	100.	100.	3304	90.3	100.	0	0.00	0.00
mtNG_079	Other sequences		248	6.78	7.51	100.	248	6.78	7.51	0	0.00	0.00
mtNG_079	C13029A		16	0.438	0.484	100.	16	0.438	0.484	0	0.00	0.00
mtNG_079	C13067A		12	0.328	0.363	100.	12	0.328	0.363	0	0.00	0.00
mtNG_079	C13077A		10	0.273	0.303	100.	10	0.273	0.303	0	0.00	0.00
mtNG_079	G13096A		8	0.219	0.242	100.	8	0.219	0.242	0	0.00	0.00
mtNG_079	A13062G T13095C A13105G		7	0.191	0.212	100.	7	0.191	0.212	0	0.00	0.00
mtNG_079	A13159G		7	0.191	0.212	100.	7	0.191	0.212	0	0.00	0.00
mtNG_079	G12980A		7	0.191	0.212	100.	7	0.191	0.212	0	0.00	0.00
mtNG_079	C12982T		6	0.164	0.182	100.	6	0.164	0.182	0	0.00	0.00
mtNG_079	C13078T		6	0.164	0.182	100.	6	0.164	0.182	0	0.00	0.00
mtNG_079	A13167G		6	0.164	0.182	100.	6	0.164	0.182	0	0.00	0.00
mtNG_079	C12998T		5	0.137	0.151	100.	5	0.137	0.151	0	0.00	0.00
mtNG_079	A13087T		5	0.137	0.151	100.	5	0.137	0.151	0	0.00	0.00
mtNG_079	A13165G		5	0.137	0.151	100.	5	0.137	0.151	0	0.00	0.00
mtNG_079	T13094C		5	0.137	0.151	100.	5	0.137	0.151	0	0.00	0.00
mtNG_080	REF	allele	1360	93.6	100.	100.	1360	93.6	100.	0	0.00	0.00
mtNG_080	Other sequences		93	6.40	6.84	100.	93	6.40	6.84	0	0.00	0.00
mtNG_081	REF	allele	1695	91.4	100.	100.	1695	91.4	100.	0	0.00	0.00
mtNG_081	Other sequences		153	8.25	9.03	100.	153	8.25	9.03	0	0.00	0.00
mtNG_081	G13367T		6	0.324	0.354	100.	6	0.324	0.354	0	0.00	0.00
mtNG_082	REF	allele	2158	94.1	100.	100.	2158	94.1	100.	0	0.00	0.00
mtNG_082	Other sequences		118	5.15	5.47	100.	118	5.15	5.47	0	0.00	0.00
mtNG_082	A13651C		7	0.305	0.324	100.	7	0.305	0.324	0	0.00	0.00
mtNG_082	A13651G		5	0.218	0.232	100.	5	0.218	0.232	0	0.00	0.00
mtNG_082	C13649A		5	0.218	0.232	100.	5	0.218	0.232	0	0.00	0.00
mtNG_083	REF	allele	1728	62.3	100.	100.	1728	62.3	100.	0	0.00	0.00
mtNG_083	Other sequences		306	11.0	17.7	100.	306	11.0	17.7	0	0.00	0.00
mtNG_083	A13696C	allele	220	7.93	12.7	100.	220	7.93	12.7	0	0.00	0.00
mtNG_083	T13706C	allele	122	4.40	7.06	100.	122	4.40	7.06	0	0.00	0.00
mtNG_083	G13703C	allele	78	2.81	4.51	100.	78	2.81	4.51	0	0.00	0.00
mtNG_083	A13681C	allele	73	2.63	4.22	100.	73	2.63	4.22	0	0.00	0.00
mtNG_083	T13685C	allele	44	1.59	2.55	100.	44	1.59	2.55	0	0.00	0.00
mtNG_083	A13696C T13706C		36	1.30	2.08	100.	36	1.30	2.08	0	0.00	0.00
mtNG_083	G13703C T13706C		18	0.649	1.04	100.	18	0.649	1.04	0	0.00	0.00
mtNG_083	C13702A		16	0.577	0.926	100.	16	0.577	0.926	0	0.00	0.00
mtNG_083	A13681C T13706C		15	0.541	0.868	100.	15	0.541	0.868	0	0.00	0.00
mtNG_083	A13696C G13703C		15	0.541	0.868	100.	15	0.541	0.868	0	0.00	0.00
mtNG_083	A13681C A13696C		14	0.505	0.810	100.	14	0.505	0.810	0	0.00	0.00
mtNG_083	A13699T		14	0.505	0.810	100.	14	0.505	0.810	0	0.00	0.00
mtNG_083	C13678A		14	0.505	0.810	100.	14	0.505	0.810	0	0.00	0.00
mtNG_083	T13685C A13696C		10	0.360	0.579	100.	10	0.360	0.579	0	0.00	0.00
mtNG_083	T13685C T13706C		10	0.360	0.579	100.	10	0.360	0.579	0	0.00	0.00
mtNG_083	C13692A		9	0.324	0.521	100.	9	0.324	0.521	0	0.00	0.00
mtNG_083	G13703T		8	0.288	0.463	100.	8	0.288	0.463	0	0.00	0.00
mtNG_083	T13685C G13703C		8	0.288	0.463	100.	8	0.288	0.463	0	0.00	0.00
mtNG_083	A13686T		6	0.216	0.347	100.	6	0.216	0.347	0	0.00	0.00
mtNG_083	A13681C T13685C		5	0.180	0.289	100.	5	0.180	0.289	0	0.00	0.00
mtNG_083	T13688C T13706C		5	0.180	0.289	100.	5	0.180	0.289	0	0.00	0.00
mtNG_084	REF	allele	1113	93.1	100.	100.	1113	93.1	100.	0	0.00	0.00
mtNG_084	Other sequences		77	6.44	6.92	100.	77	6.44	6.92	0	0.00	0.00
mtNG_084	T13988A		5	0.418	0.449	100.	5	0.418	0.449	0	0.00	0.00
mtNG_085	REF	allele	803	92.8	100.	100.	803	92.8	100.	0	0.00	0.00
mtNG_085	Other sequences		50	5.78	6.23	100.	50	5.78	6.23	0	0.00	0.00
mtNG_085	A14047C		7	0.809	0.872	100.	7	0.809	0.872	0	0.00	0.00
mtNG_085	C14052T		5	0.578	0.623	100.	5	0.578	0.623	0	0.00	0.00
mtNG_086	REF	allele	2310	89.7	100.	100.	2310	89.7	100.	0	0.00	0.00
mtNG_086	Other sequences		233	9.05	10.1	100.	233	9.05	10.1	0	0.00	0.00
mtNG_086	A14375G		10	0.388	0.433	100.	10	0.388	0.433	0	0.00	0.00
mtNG_086	A14339G		7	0.272	0.303	100.	7	0.272	0.303	0	0.00	0.00
mtNG_086	A14366G		6	0.233	0.260	100.	6	0.233	0.260	0	0.00	0.00
mtNG_086	A14314G		5	0.194	0.216	100.	5	0.194	0.216	0	0.00	0.00
mtNG_086	A14357G		5	0.194	0.216	100.	5	0.194	0.216	0	0.00	0.00
mtNG_087	REF	allele	1347	90.6	100.	100.	1347	90.6	100.	0	0.00	0.00
mtNG_087	Other sequences		107	7.20	7.94	100.	107	7.20	7.94	0	0.00	0.00
mtNG_087	T14530A		13	0.874	0.965	100.	13	0.874	0.965	0	0.00	0.00
mtNG_087	A14527C		5	0.336	0.371	100.	5	0.336	0.371	0	0.00	0.00
mtNG_087	A14556G		5	0.336	0.371	100.	5	0.336	0.371	0	0.00	0.00
mtNG_087	A14556C		5	0.336	0.371	100.	5	0.336	0.371	0	0.00	0.00
mtNG_087	T14530C		5	0.336	0.371	100.	5	0.336	0.371	0	0.00	0.00
mtNG_088	REF	allele	2781	93.3	100.	100.	2781	93.3	100.	0	0.00	0.00
mtNG_088	Other sequences		161	5.40	5.79	100.	161	5.40	5.79	0	0.00	0.00
mtNG_088	A14743G		16	0.537	0.575	100.	16	0.537	0.575	0	0.00	0.00
mtNG_088	G14569T		9	0.302	0.324	100.	9	0.302	0.324	0	0.00	0.00
mtNG_088	A14743T		5	0.168	0.180	100.	5	0.168	0.180	0	0.00	0.00
mtNG_088	G14560A		5	0.168	0.180	100.	5	0.168	0.180	0	0.00	0.00
mtNG_088	C14558A		5	0.168	0.180	100.	5	0.168	0.180	0	0.00	0.00
mtNG_089	REF	allele	1985	91.6	100.	100.	1985	91.6	100.	0	0.00	0.00
mtNG_089	Other sequences		155	7.15	7.81	100.	155	7.15	7.81	0	0.00	0.00
mtNG_089	A14914C		10	0.461	0.504	100.	10	0.461	0.504	0	0.00	0.00
mtNG_089	A14914G		7	0.323	0.353	100.	7	0.323	0.353	0	0.00	0.00
mtNG_089	A14882C		6	0.277	0.302	100.	6	0.277	0.302	0	0.00	0.00
mtNG_089	T14828C		5	0.231	0.252	100.	5	0.231	0.252	0	0.00	0.00
mtNG_090	REF	allele	1035	92.0	100.	100.	1035	92.0	100.	0	0.00	0.00
mtNG_090	Other sequences		90	8.00	8.70	100.	90	8.00	8.70	0	0.00	0.00
mtNG_091	REF	allele	2128	94.1	100.	100.	2128	94.1	100.	0	0.00	0.00
mtNG_091	Other sequences		120	5.31	5.64	100.	120	5.31	5.64	0	0.00	0.00
mtNG_091	G15261T		7	0.310	0.329	100.	7	0.310	0.329	0	0.00	0.00
mtNG_091	A15226G		6	0.265	0.282	100.	6	0.265	0.282	0	0.00	0.00
mtNG_092	A15326G	allele	1917	89.7	100.	100.	1917	89.7	100.	0	0.00	0.00
mtNG_092	Other sequences		142	6.65	7.41	100.	142	6.65	7.41	0	0.00	0.00
mtNG_092	A15326G A15401T		31	1.45	1.62	100.	31	1.45	1.62	0	0.00	0.00
mtNG_092	A15326G A15408C		11	0.515	0.574	100.	11	0.515	0.574	0	0.00	0.00
mtNG_092	C15273T A15326G		7	0.328	0.365	100.	7	0.328	0.365	0	0.00	0.00
mtNG_092	A15326G A15401G		6	0.281	0.313	100.	6	0.281	0.313	0	0.00	0.00
mtNG_092	A15326G A15408T		6	0.281	0.313	100.	6	0.281	0.313	0	0.00	0.00
mtNG_092	A15326G A15408G		6	0.281	0.313	100.	6	0.281	0.313	0	0.00	0.00
mtNG_092	A15326G A15401C		5	0.234	0.261	100.	5	0.234	0.261	0	0.00	0.00
mtNG_092	A15326G T15416C		5	0.234	0.261	100.	5	0.234	0.261	0	0.00	0.00
mtNG_093	REF	allele	1343	93.0	100.	100.	1343	93.0	100.	0	0.00	0.00
mtNG_093	Other sequences		89	6.16	6.63	100.	89	6.16	6.63	0	0.00	0.00
mtNG_093	G15431T		6	0.416	0.447	100.	6	0.416	0.447	0	0.00	0.00
mtNG_093	T15531DEL A15532DEL A15533DEL A15534DEL C15535DEL A15536DEL C15537DEL C15538DEL C15539DEL C15540DEL T15541DEL		6	0.416	0.447	100.	6	0.416	0.447	0	0.00	0.00
mtNG_094	REF	allele	1038	92.7	100.	100.	1038	92.7	100.	0	0.00	0.00
mtNG_094	Other sequences		77	6.88	7.42	100.	77	6.88	7.42	0	0.00	0.00
mtNG_094	G15623A		5	0.446	0.482	100.	5	0.446	0.482	0	0.00	0.00
mtNG_095	REF	allele	1895	92.4	100.	100.	1895	92.4	100.	0	0.00	0.00
mtNG_095	Other sequences		143	6.98	7.55	100.	143	6.98	7.55	0	0.00	0.00
mtNG_095	G15764T		6	0.293	0.317	100.	6	0.293	0.317	0	0.00	0.00
mtNG_095	A15860G		6	0.293	0.317	100.	6	0.293	0.317	0	0.00	0.00
mtNG_096	REF	allele	2078	94.2	100.	100.	2078	94.2	100.	0	0.00	0.00
mtNG_096	Other sequences		129	5.85	6.21	100.	129	5.85	6.21	0	0.00	0.00
mtNG_097	G16129A A16183C T16189C	allele	103	35.5	100.	100.	103	35.5	100.	0	0.00	0.00
mtNG_097	G16129A A16183C T16189C 16193.1C	allele	95	32.8	92.2	100.	95	32.8	92.2	0	0.00	0.00
mtNG_097	Other sequences		41	14.1	39.8	100.	41	14.1	39.8	0	0.00	0.00
mtNG_097	G16129A A16183C T16189DEL	allele	32	11.0	31.1	100.	32	11.0	31.1	0	0.00	0.00
mtNG_097	G16129A A16183C T16189C 16193.1C 16193.2C		14	4.83	13.6	100.	14	4.83	13.6	0	0.00	0.00
mtNG_097	G16129A A16183DEL T16189DEL		5	1.72	4.85	100.	5	1.72	4.85	0	0.00	0.00
mtNG_098	C16355T T16356C T16362C	allele	639	93.1	100.	100.	639	93.1	100.	0	0.00	0.00
mtNG_098	Other sequences		47	6.85	7.36	100.	47	6.85	7.36	0	0.00	0.00
mtNG_099	No data		0	0.00	0.00	0.00	0	0.00	0.00	0	0.00	0.00
mtNG_100	T16519C	allele	1738	95.3	100.	100.	1738	95.3	100.	0	0.00	0.00
mtNG_100	Other sequences		66	3.62	3.80	100.	66	3.62	3.80	0	0.00	0.00
mtNG_100	G16496A T16519C C16527T		10	0.548	0.575	100.	10	0.548	0.575	0	0.00	0.00
mtNG_100	A16515G T16519C		5	0.274	0.288	100.	5	0.274	0.288	0	0.00	0.00
mtNG_100	T16519C C16527T		5	0.274	0.288	100.	5	0.274	0.288	0	0.00	0.00
