marker	sequence	total	forward	reverse
mtNG_001	A73G G143A T146C T152C	674	674	0
mtNG_001	Other sequences	55	55	0
mtNG_001	G71DEL A73G G143A T146C T152C	8	8	0
mtNG_001	A73G T146C T152C	6	6	0
mtNG_002	G143A T146C T152C T195C A263G	8157	8157	0
mtNG_002	Other sequences	303	303	0
mtNG_002	T146C T152C T195C A263G	29	29	0
mtNG_002	G143A T146C T152C T195C A215G A263G	21	21	0
mtNG_002	G143A T146C T152C A189G T195C A263G	16	16	0
mtNG_002	G143A T146C T152C T195C T204C A263G	16	16	0
mtNG_002	G143A T146C T152C T195C G260A A263G	12	12	0
mtNG_002	G143A T146C T152C C174A T195C A263G	12	12	0
mtNG_002	G143A T146C T152C C167A T195C A263G	11	11	0
mtNG_002	G143A T146C T152C C182T T195C A263G	10	10	0
mtNG_002	G143A T146C T152C A183G T195C A263G	10	10	0
mtNG_002	G143A T146C T152C G184T T195C A263G	10	10	0
mtNG_002	G143A T146C T152C T195C C256A A263G	10	10	0
mtNG_002	G143A T146C T152C T195C G255T A263G	8	8	0
mtNG_002	G143A T146C T152C T195C C261A A263G	8	8	0
mtNG_002	G143A T146C T152C T195A A263G	8	8	0
mtNG_002	T139C G143A T146C T152C T195C A263G	8	8	0
mtNG_002	G143A T146C T152C T195C G247T A263G	7	7	0
mtNG_002	G143A T146C T152C T195C C253A A263G	7	7	0
mtNG_002	G143A T146C T152C T195C G251A A263G	7	7	0
mtNG_002	G143A T146C T152C C164A T195C A263G	7	7	0
mtNG_002	G143A T146C T152C T195C C258A A263G	6	6	0
mtNG_002	G143A T146C T152C G163A T195C A263G	6	6	0
mtNG_002	G143A T146C C151A T152C T195C A263G	6	6	0
mtNG_002	G143A T146C T152C T195C G207T A263G	5	5	0
mtNG_002	G143A T146C T152C T195C A214G A263G	5	5	0
mtNG_002	G143A T146C T152C T195C G225T A263G	5	5	0
mtNG_002	G143A T146C T152C T195C T245C A263G	5	5	0
mtNG_002	G143A T146C T152C C194A T195C A263G	5	5	0
mtNG_002	G143A T146C T152A T195C A263G	5	5	0
mtNG_002	C141A G143A T146C T152C T195C A263G	5	5	0
mtNG_003	A263G 315.1C	1124	1124	0
mtNG_003	Other sequences	152	152	0
mtNG_003	A263G A302C 315.1C	12	12	0
mtNG_003	A263G 309.1C 315.1C	12	12	0
mtNG_003	A263G A302G 315.1C	10	10	0
mtNG_003	A263G C309T T310C	7	7	0
mtNG_003	A263G T310G 315.1C	7	7	0
mtNG_003	A263G T310A 315.1C	5	5	0
mtNG_004	REF	4002	4002	0
mtNG_004	Other sequences	164	164	0
mtNG_004	T414G	7	7	0
mtNG_004	A440T	6	6	0
mtNG_004	G347T	5	5	0
mtNG_004	G389T	5	5	0
mtNG_004	C431A	5	5	0
mtNG_004	C370A	5	5	0
mtNG_005	REF	459	459	0
mtNG_005	Other sequences	118	118	0
mtNG_005	A567G	6	6	0
mtNG_006	A750G	2872	2872	0
mtNG_006	Other sequences	280	280	0
mtNG_006	C573T C575T A576G C592T A621C G625A C632T T634C C661G C708T T710DEL T711DEL A714T 715.1G 715.2G T721DEL C756T	8	8	0
mtNG_006	C573T A576G C592T A621C G625A C632T T634C C661G T668DEL T669DEL C670DEL T671DEL C708T T710C T711C A714G T721DEL C756T	5	5	0
mtNG_007	G769A	306	306	0
mtNG_007	Other sequences	24	24	0
mtNG_008	G1018A	5085	5085	0
mtNG_008	Other sequences	362	362	0
mtNG_008	G1018A C1065A	9	9	0
mtNG_008	C965A G1018A	7	7	0
mtNG_008	G1018A G1073T	6	6	0
mtNG_008	G934T G1018A	5	5	0
mtNG_008	G941T G1018A	5	5	0
mtNG_008	G951T G1018A	5	5	0
mtNG_008	G1007T G1018A	5	5	0
mtNG_008	G1018A G1074T	5	5	0
mtNG_008	G930A G936A C956A C957T C958T T961DEL C964T C979T C984G C1009T G1018A C1038T A1039G T1040C C1052G G1057A C1106T C1120T	5	5	0
mtNG_009	REF	448	448	0
mtNG_009	Other sequences	46	46	0
mtNG_010	A1438G	6507	6507	0
mtNG_010	Other sequences	407	407	0
mtNG_010	G1380T A1438G	8	8	0
mtNG_010	G1360A A1438G	7	7	0
mtNG_010	T1284C T1291C A1292G C1376T C1377T G1393A T1398G C1405T	7	7	0
mtNG_010	G1361T A1438G	6	6	0
mtNG_010	G1362T A1438G	6	6	0
mtNG_010	G1401T A1438G	6	6	0
mtNG_010	G1285T A1438G	5	5	0
mtNG_010	C1312T A1438G	5	5	0
mtNG_010	G1323T A1438G	5	5	0
mtNG_010	G1389T A1438G	5	5	0
mtNG_010	G1411T A1438G	5	5	0
mtNG_010	G1412T A1438G	5	5	0
mtNG_010	C1385A A1438G	5	5	0
mtNG_010	C1378A A1438G	5	5	0
mtNG_010	G1339A A1438G	5	5	0
mtNG_010	C1312A A1438G	5	5	0
mtNG_011	A1438G	672	672	0
mtNG_011	Other sequences	46	46	0
mtNG_012	REF	5535	5535	0
mtNG_012	Other sequences	407	407	0
mtNG_012	A1763C	10	10	0
mtNG_012	G1598T	9	9	0
mtNG_012	G1660A	8	8	0
mtNG_012	A1763G	7	7	0
mtNG_012	C1699A	7	7	0
mtNG_012	C1695A	7	7	0
mtNG_012	G1582T	6	6	0
mtNG_012	C1597T	6	6	0
mtNG_012	G1669T	6	6	0
mtNG_012	C1765A	6	6	0
mtNG_012	C1733A	6	6	0
mtNG_012	C1725A	6	6	0
mtNG_012	C1721A	6	6	0
mtNG_012	C1665A	6	6	0
mtNG_012	G1588T	5	5	0
mtNG_012	G1594T	5	5	0
mtNG_012	G1681T	5	5	0
mtNG_012	G1748T	5	5	0
mtNG_012	C1726A	5	5	0
mtNG_012	C1672A	5	5	0
mtNG_013	REF	973	973	0
mtNG_013	Other sequences	74	74	0
mtNG_014	REF	8069	8069	0
mtNG_014	Other sequences	382	382	0
mtNG_014	G1916T	12	12	0
mtNG_014	G2009T	11	11	0
mtNG_014	T2053C	11	11	0
mtNG_014	G1939T	8	8	0
mtNG_014	G2008A	8	8	0
mtNG_014	G1968T	7	7	0
mtNG_014	G2028A	7	7	0
mtNG_014	C2024A	7	7	0
mtNG_014	G1988T	6	6	0
mtNG_014	C2043A	6	6	0
mtNG_014	C2006A	6	6	0
mtNG_014	C1959A	6	6	0
mtNG_014	C1951A	6	6	0
mtNG_014	C1948A	6	6	0
mtNG_014	C1923A	6	6	0
mtNG_014	C1903A	6	6	0
mtNG_014	C1905DEL	5	5	0
mtNG_014	G1918T	5	5	0
mtNG_014	G1958T	5	5	0
mtNG_014	G1970T	5	5	0
mtNG_014	G1981T	5	5	0
mtNG_014	G2002T	5	5	0
mtNG_014	G2011T	5	5	0
mtNG_014	C2024T	5	5	0
mtNG_014	G2028T	5	5	0
mtNG_014	C2058A	5	5	0
mtNG_014	C2036A	5	5	0
mtNG_014	C1997A	5	5	0
mtNG_014	C1989A	5	5	0
mtNG_014	C1947A	5	5	0
mtNG_014	C1944A	5	5	0
mtNG_014	C1930A	5	5	0
mtNG_014	C1905A	5	5	0
mtNG_014	C1902A	5	5	0
mtNG_015	REF	1139	1139	0
mtNG_015	Other sequences	88	88	0
mtNG_015	G2105A	9	9	0
mtNG_016	REF	7290	7290	0
mtNG_016	Other sequences	452	452	0
mtNG_016	C2186A	9	9	0
mtNG_016	G2143A C2162T C2221T T2222C A2223G C2224T T2244C A2251G C2257T C2262T C2280T C2284T	9	9	0
mtNG_016	C2283A	7	7	0
mtNG_016	G2209T	6	6	0
mtNG_016	A2232DEL	6	6	0
mtNG_016	G2249T	6	6	0
mtNG_016	G2289T	6	6	0
mtNG_016	G2292T	6	6	0
mtNG_016	C2261A	6	6	0
mtNG_016	C2257A	6	6	0
mtNG_016	C2218A	6	6	0
mtNG_016	C2206A	6	6	0
mtNG_016	G2203A	6	6	0
mtNG_016	G2201A	6	6	0
mtNG_016	G2149A	6	6	0
mtNG_016	G2143A C2162T T2168C A2213G C2219T A2220G C2221T T2222C C2224T T2242C C2257T A2258G C2280T A2294G	6	6	0
mtNG_016	A2135C	5	5	0
mtNG_016	G2174T	5	5	0
mtNG_016	C2187T	5	5	0
mtNG_016	G2268T	5	5	0
mtNG_016	G2269T	5	5	0
mtNG_017	T2416C	856	856	0
mtNG_017	Other sequences	69	69	0
mtNG_018	REF	375	375	0
mtNG_018	Other sequences	30	30	0
mtNG_019	A2706G	1178	1178	0
mtNG_019	Other sequences	107	107	0
mtNG_020	C2789T	9857	9857	0
mtNG_020	Other sequences	515	515	0
mtNG_020	C2789T A2833G	9	9	0
mtNG_020	C2789T C2872A	9	9	0
mtNG_020	C2789T G2825A	9	9	0
mtNG_020	T2744C T2750C G2758A T2759C C2762T A2769G C2770T T2778C C2788T A2798G T2800G G2831C C2834T A2837G G2849A T2850C T2857C A2858G C2881T T2885C T2887C A2888G C2889T C2891T	9	9	0
mtNG_020	C2789T G2855T	8	8	0
mtNG_020	C2789T T2807C	8	8	0
mtNG_020	C2789T G2814T	7	7	0
mtNG_020	C2789T G2819T	7	7	0
mtNG_020	C2789T G2826T	7	7	0
mtNG_020	C2789T C2868T	7	7	0
mtNG_020	C2789T G2876T	7	7	0
mtNG_020	C2789T C2899A	7	7	0
mtNG_020	C2789T C2877A	7	7	0
mtNG_020	C2789T C2852A	7	7	0
mtNG_020	C2789T C2847A	7	7	0
mtNG_020	C2789T C2794A	7	7	0
mtNG_020	C2779A C2789T	7	7	0
mtNG_020	G2751T C2789T	6	6	0
mtNG_020	C2789T G2815T	6	6	0
mtNG_020	C2789T G2896T	6	6	0
mtNG_020	C2789T C2836A	6	6	0
mtNG_020	C2789T G2814A	6	6	0
mtNG_020	C2789T C2809A	6	6	0
mtNG_020	C2780A C2789T	6	6	0
mtNG_020	C2771A C2789T	6	6	0
mtNG_020	A2753G C2789T	5	5	0
mtNG_020	C2789T C2797T	5	5	0
mtNG_020	C2789T G2825T	5	5	0
mtNG_020	C2789T G2828T	5	5	0
mtNG_020	C2789T C2829T	5	5	0
mtNG_020	C2789T G2846T	5	5	0
mtNG_020	C2789T G2849T	5	5	0
mtNG_020	C2789T G2860T	5	5	0
mtNG_020	C2789T G2870T	5	5	0
mtNG_020	C2789T A2873G	5	5	0
mtNG_020	C2789T G2878T	5	5	0
mtNG_020	C2789T C2889T	5	5	0
mtNG_020	C2789T G2909T	5	5	0
mtNG_020	C2789T G2916A	5	5	0
mtNG_020	C2789T C2912A	5	5	0
mtNG_020	C2789T C2911A	5	5	0
mtNG_020	C2789T T2857C	5	5	0
mtNG_020	C2789T C2856A	5	5	0
mtNG_020	C2789T T2850C	5	5	0
mtNG_020	C2789T C2840A	5	5	0
mtNG_020	C2789T C2829A	5	5	0
mtNG_020	C2789T G2828A	5	5	0
mtNG_020	C2789T T2812C	5	5	0
mtNG_020	C2789T C2793A	5	5	0
mtNG_020	C2772A C2789T	5	5	0
mtNG_021	N3107DEL	1189	1189	0
mtNG_021	Other sequences	117	117	0
mtNG_022	N3107DEL A3221G	5644	5644	0
mtNG_022	Other sequences	362	362	0
mtNG_022	N3107DEL G3146T A3221G	8	8	0
mtNG_022	N3107DEL A3221G G3244A	8	8	0
mtNG_022	N3107DEL G3137T A3221G	7	7	0
mtNG_022	N3107DEL A3221T	7	7	0
mtNG_022	N3107DEL C3206A A3221G	7	7	0
mtNG_022	N3107DEL C3121A A3221G	7	7	0
mtNG_022	N3107DEL G3132T A3221G	6	6	0
mtNG_022	N3107DEL A3221G G3225T	6	6	0
mtNG_022	N3107DEL A3221G G3283T	6	6	0
mtNG_022	N3107DEL C3211A A3221G	6	6	0
mtNG_022	N3107DEL A3221G G3224T	5	5	0
mtNG_022	N3107DEL A3221G C3279A	5	5	0
mtNG_022	N3107DEL A3221G C3246A	5	5	0
mtNG_022	N3107DEL A3221G G3224A	5	5	0
mtNG_022	N3107DEL C3205A A3221G	5	5	0
mtNG_022	N3107DEL T3178C A3221G	5	5	0
mtNG_022	N3107DEL T3109C A3221G	5	5	0
mtNG_023	REF	5	5	0
mtNG_023	Other sequences	1	1	0
mtNG_024	Other sequences	11	11	0
mtNG_024	G3496T C3594T	7	7	0
mtNG_025	REF	589	589	0
mtNG_025	Other sequences	64	64	0
mtNG_026	REF	5509	5509	0
mtNG_026	Other sequences	413	413	0
mtNG_026	C3897T	15	15	0
mtNG_026	C3921A	9	9	0
mtNG_026	C3962A	8	8	0
mtNG_026	G3907T	7	7	0
mtNG_026	G3910T	7	7	0
mtNG_026	G3849T	6	6	0
mtNG_026	C3984A	6	6	0
mtNG_026	C3966A	6	6	0
mtNG_026	C3932A	6	6	0
mtNG_026	C3908A	6	6	0
mtNG_026	C3895A	6	6	0
mtNG_026	G3814T	5	5	0
mtNG_026	G3946T	5	5	0
mtNG_026	C3951T	5	5	0
mtNG_026	G3967T	5	5	0
mtNG_026	G3952A	5	5	0
mtNG_026	C3845A	5	5	0
mtNG_026	C3822A	5	5	0
mtNG_027	A4104G	912	912	0
mtNG_027	Other sequences	83	83	0
mtNG_028	REF	8106	8106	0
mtNG_028	Other sequences	400	400	0
mtNG_028	T4306C	47	47	0
mtNG_028	G4296T	10	10	0
mtNG_028	C4355A	8	8	0
mtNG_028	G4214T	7	7	0
mtNG_028	G4244T	7	7	0
mtNG_028	C4345A	7	7	0
mtNG_028	C4170A	7	7	0
mtNG_028	G4275T	6	6	0
mtNG_028	G4339T	6	6	0
mtNG_028	G4358T	6	6	0
mtNG_028	C4321A	6	6	0
mtNG_028	C4273A	6	6	0
mtNG_028	C4251A	6	6	0
mtNG_028	C4241A	6	6	0
mtNG_028	C4224A	6	6	0
mtNG_028	C4223A	6	6	0
mtNG_028	G4201T	5	5	0
mtNG_028	G4298T	5	5	0
mtNG_028	G4308T	5	5	0
mtNG_028	G4309T	5	5	0
mtNG_028	C4349A	5	5	0
mtNG_028	C4335A	5	5	0
mtNG_028	C4197A	5	5	0
mtNG_028	C4194A	5	5	0
mtNG_028	C4190A	5	5	0
mtNG_029	REF	1211	1211	0
mtNG_029	Other sequences	125	125	0
mtNG_029	T4363G	5	5	0
mtNG_030	REF	1631	1631	0
mtNG_030	Other sequences	140	140	0
mtNG_031	A4769G	462	462	0
mtNG_031	Other sequences	46	46	0
mtNG_032	REF	4001	4001	0
mtNG_032	Other sequences	291	291	0
mtNG_032	C5076A	7	7	0
mtNG_032	G5043T	5	5	0
mtNG_032	G5054T	5	5	0
mtNG_032	C5017A	5	5	0
mtNG_032	C4989A	5	5	0
mtNG_032	C4914A	5	5	0
mtNG_033	C5135T	563	563	0
mtNG_033	Other sequences	44	44	0
mtNG_034	REF	5855	5855	0
mtNG_034	Other sequences	435	435	0
mtNG_034	G5260T	8	8	0
mtNG_034	C5354A	8	8	0
mtNG_034	G5244T	7	7	0
mtNG_034	C5371A	7	7	0
mtNG_034	G5227T	6	6	0
mtNG_034	C5243T	6	6	0
mtNG_034	G5316T	6	6	0
mtNG_034	G5353T	6	6	0
mtNG_034	G5400T	6	6	0
mtNG_034	C5355A	6	6	0
mtNG_034	C5312A	6	6	0
mtNG_034	G5226T	5	5	0
mtNG_034	A5394G	5	5	0
mtNG_034	G5413T	5	5	0
mtNG_034	C5349A	5	5	0
mtNG_034	C5309A	5	5	0
mtNG_034	T5247C	5	5	0
mtNG_034	C5236A	5	5	0
mtNG_034	C5234A	5	5	0
mtNG_034	C5228A	5	5	0
mtNG_035	REF	833	833	0
mtNG_035	Other sequences	53	53	0
mtNG_036	REF	9437	9437	0
mtNG_036	Other sequences	549	549	0
mtNG_036	A5752DEL	21	21	0
mtNG_036	C5624A	14	14	0
mtNG_036	G5753T	11	11	0
mtNG_036	G5756T	11	11	0
mtNG_036	G5744T	10	10	0
mtNG_036	G5758T	10	10	0
mtNG_036	C5735A	10	10	0
mtNG_036	C5733A	10	10	0
mtNG_036	C5679A	10	10	0
mtNG_036	C5608A	10	10	0
mtNG_036	G5660T	9	9	0
mtNG_036	G5718T	9	9	0
mtNG_036	C5767A	9	9	0
mtNG_036	C5765A	9	9	0
mtNG_036	C5720A	9	9	0
mtNG_036	C5604A	9	9	0
mtNG_036	C5603A	9	9	0
mtNG_036	G5590T	8	8	0
mtNG_036	G5738T	8	8	0
mtNG_036	G5745A	8	8	0
mtNG_036	C5740A	8	8	0
mtNG_036	C5601A	8	8	0
mtNG_036	C5577A	8	8	0
mtNG_036	G5579T	7	7	0
mtNG_036	G5631T	7	7	0
mtNG_036	G5754T	7	7	0
mtNG_036	G5757T	7	7	0
mtNG_036	C5737A	7	7	0
mtNG_036	C5706A	7	7	0
mtNG_036	C5699A	7	7	0
mtNG_036	C5663A	7	7	0
mtNG_036	C5629A	7	7	0
mtNG_036	G5645T	6	6	0
mtNG_036	G5698T	6	6	0
mtNG_036	A5729G	6	6	0
mtNG_036	C5736A	6	6	0
mtNG_036	C5716A	6	6	0
mtNG_036	C5708A	6	6	0
mtNG_036	C5707A	6	6	0
mtNG_036	C5611A	6	6	0
mtNG_036	G5595A	6	6	0
mtNG_036	G5623T	5	5	0
mtNG_036	G5669T	5	5	0
mtNG_036	G5703T	5	5	0
mtNG_036	C5739T	5	5	0
mtNG_036	G5769A	5	5	0
mtNG_036	C5766A	5	5	0
mtNG_036	G5738A	5	5	0
mtNG_036	C5713A	5	5	0
mtNG_036	C5687A	5	5	0
mtNG_036	C5677A	5	5	0
mtNG_036	C5633A	5	5	0
mtNG_036	C5586A	5	5	0
mtNG_037	REF	481	481	0
mtNG_037	Other sequences	52	52	0
mtNG_038	REF	5519	5519	0
mtNG_038	Other sequences	397	397	0
mtNG_038	G6018T	7	7	0
mtNG_038	C6020A	7	7	0
mtNG_038	G6021T	6	6	0
mtNG_038	C6122A	6	6	0
mtNG_038	C5953A	6	6	0
mtNG_038	G5983T	5	5	0
mtNG_038	G6028T	5	5	0
mtNG_038	G6054T	5	5	0
mtNG_038	G6021A	5	5	0
mtNG_038	C5969A	5	5	0
mtNG_038	C5937A	5	5	0
mtNG_039	REF	1301	1301	0
mtNG_039	Other sequences	147	147	0
mtNG_040	REF	2088	2088	0
mtNG_040	Other sequences	182	182	0
mtNG_040	G6321T	6	6	0
mtNG_041	REF	1044	1044	0
mtNG_041	Other sequences	90	90	0
mtNG_042	REF	5950	5950	0
mtNG_042	Other sequences	361	361	0
mtNG_042	G6690T	7	7	0
mtNG_042	G6789T	7	7	0
mtNG_042	C6688A	7	7	0
mtNG_042	C6667A	7	7	0
mtNG_042	G6651T	6	6	0
mtNG_042	G6652T	5	5	0
mtNG_042	G6717T	5	5	0
mtNG_042	G6766T	5	5	0
mtNG_042	G6768A	5	5	0
mtNG_043	REF	750	750	0
mtNG_043	Other sequences	94	94	0
mtNG_044	C7028T	9623	9623	0
mtNG_044	Other sequences	523	523	0
mtNG_044	G6993T C7028T	9	9	0
mtNG_044	C7028T G7056T	9	9	0
mtNG_044	C7028T G7107T	9	9	0
mtNG_044	C7028T G7131T	9	9	0
mtNG_044	C7028T C7122A	9	9	0
mtNG_044	C7028T C7116A	9	9	0
mtNG_044	C7027A C7028T	9	9	0
mtNG_044	G6972T C7028T	8	8	0
mtNG_044	C7028T G7065T	7	7	0
mtNG_044	C7028T G7090T	7	7	0
mtNG_044	C7028T C7057A	7	7	0
mtNG_044	C6959A C7028T	7	7	0
mtNG_044	T6956C C7028T	7	7	0
mtNG_044	G6954T C7028T	6	6	0
mtNG_044	G6966T C7028T	6	6	0
mtNG_044	C7028T A7036T	6	6	0
mtNG_044	C7028T C7044T	6	6	0
mtNG_044	C7028T G7078T	6	6	0
mtNG_044	C7028T G7108T	6	6	0
mtNG_044	C7028T G7119T	6	6	0
mtNG_044	C7028T C7130A	6	6	0
mtNG_044	C7028T C7097A	6	6	0
mtNG_044	C7028T C7096A	6	6	0
mtNG_044	C7028T C7043A	6	6	0
mtNG_044	C7005A C7028T	6	6	0
mtNG_044	C6990A C7028T	6	6	0
mtNG_044	G6978A C7028T	6	6	0
mtNG_044	G6967A C7028T	6	6	0
mtNG_044	G6962A C7028T	6	6	0
mtNG_044	T6956A C7028T	6	6	0
mtNG_044	G6954A C7028T	6	6	0
mtNG_044	C6988T C7028T	5	5	0
mtNG_044	G7008T C7028T	5	5	0
mtNG_044	G7023T C7028T	5	5	0
mtNG_044	G7026T C7028T	5	5	0
mtNG_044	C7028T G7053T	5	5	0
mtNG_044	C7028T G7059T	5	5	0
mtNG_044	C7028T C7067T	5	5	0
mtNG_044	C7028T G7075T	5	5	0
mtNG_044	C7028T C7121A	5	5	0
mtNG_044	C7028T C7112A	5	5	0
mtNG_044	C7028T C7105A	5	5	0
mtNG_044	C7028T C7098A	5	5	0
mtNG_044	C7028T C7082A	5	5	0
mtNG_044	C7028T T7080C	5	5	0
mtNG_044	C7028T C7048A	5	5	0
mtNG_044	C7016A C7028T	5	5	0
mtNG_044	C7002A C7028T	5	5	0
mtNG_044	T7000C C7028T	5	5	0
mtNG_044	G6955A C7028T	5	5	0
mtNG_044	T6945C C7028T	5	5	0
mtNG_045	T7175C C7256T C7274T	996	996	0
mtNG_045	Other sequences	85	85	0
mtNG_046	REF	412	412	0
mtNG_046	Other sequences	47	47	0
mtNG_047	G7521A	886	886	0
mtNG_047	Other sequences	63	63	0
mtNG_048	A7771G	6586	6586	0
mtNG_048	Other sequences	428	428	0
mtNG_048	A7771G C7774A	7	7	0
mtNG_048	G7689T A7771G	6	6	0
mtNG_048	A7771T	6	6	0
mtNG_048	A7771G C7819A	6	6	0
mtNG_048	A7771G C7807A	6	6	0
mtNG_048	A7771G C7802A	6	6	0
mtNG_048	C7750A A7771G	6	6	0
mtNG_048	C7699A A7771G	6	6	0
mtNG_048	A7771G G7779T	5	5	0
mtNG_048	A7771G G7793T	5	5	0
mtNG_048	A7771G C7829T	5	5	0
mtNG_048	A7771G C7835A	5	5	0
mtNG_048	A7771G C7826A	5	5	0
mtNG_048	A7771G C7824A	5	5	0
mtNG_048	A7771G C7810A	5	5	0
mtNG_048	A7771G C7808A	5	5	0
mtNG_048	A7771G C7792A	5	5	0
mtNG_048	C7758A A7771G	5	5	0
mtNG_048	C7700A A7771G	5	5	0
mtNG_048	C7690A A7771G	5	5	0
mtNG_048	C7687A A7771G	5	5	0
mtNG_048	C7682A A7771G	5	5	0
mtNG_049	REF	510	510	0
mtNG_049	Other sequences	50	50	0
mtNG_050	REF	119	119	0
mtNG_050	Other sequences	11	11	0
mtNG_051	G8206A	464	464	0
mtNG_051	Other sequences	30	30	0
mtNG_052	REF	9041	9041	0
mtNG_052	Other sequences	424	424	0
mtNG_052	G8391T	11	11	0
mtNG_052	G8529T	10	10	0
mtNG_052	T8450C	10	10	0
mtNG_052	C8437A	9	9	0
mtNG_052	C8421T	8	8	0
mtNG_052	C8544A	8	8	0
mtNG_052	C8514A	8	8	0
mtNG_052	C8409A	8	8	0
mtNG_052	G8533A	7	7	0
mtNG_052	C8487A	7	7	0
mtNG_052	C8476A	7	7	0
mtNG_052	C8467A	7	7	0
mtNG_052	C8480T	6	6	0
mtNG_052	G8485T	6	6	0
mtNG_052	A8521G	6	6	0
mtNG_052	C8398A	6	6	0
mtNG_052	A8479G	5	5	0
mtNG_052	A8484G	5	5	0
mtNG_052	G8517T	5	5	0
mtNG_052	G8519T	5	5	0
mtNG_052	G8545T	5	5	0
mtNG_052	C8546A	5	5	0
mtNG_052	C8481A	5	5	0
mtNG_052	C8474A	5	5	0
mtNG_052	C8472A	5	5	0
mtNG_052	C8468A	5	5	0
mtNG_052	C8421A	5	5	0
mtNG_052	C8416A	5	5	0
mtNG_052	G8392A	5	5	0
mtNG_053	A8701G	329	329	0
mtNG_053	Other sequences	16	16	0
mtNG_054	A8701G A8860G	5730	5730	0
mtNG_054	Other sequences	431	431	0
mtNG_054	A8701G G8856A A8860G	11	11	0
mtNG_054	T8686G A8701G A8860G	8	8	0
mtNG_054	A8701G C8846A A8860G	6	6	0
mtNG_054	A8701G C8807A A8860G	6	6	0
mtNG_054	A8701G C8776A A8860G	6	6	0
mtNG_054	A8701G A8809G A8860G	5	5	0
mtNG_054	A8701G G8838T A8860G	5	5	0
mtNG_054	A8701G C8840A A8860G	5	5	0
mtNG_054	A8701G G8838A A8860G	5	5	0
mtNG_054	A8701G C8834A A8860G	5	5	0
mtNG_054	A8701G C8814A A8860G	5	5	0
mtNG_054	A8701G C8732A A8860G	5	5	0
mtNG_055	REF	1247	1247	0
mtNG_055	Other sequences	111	111	0
mtNG_056	A9221G	3152	3152	0
mtNG_056	Other sequences	262	262	0
mtNG_056	G9182T A9221G	5	5	0
mtNG_056	G9192T A9221G	5	5	0
mtNG_056	A9221G G9225T	5	5	0
mtNG_057	A9221G	983	983	0
mtNG_057	Other sequences	97	97	0
mtNG_058	T9540C	8019	8019	0
mtNG_058	Other sequences	579	579	0
mtNG_058	C9537A T9540C	11	11	0
mtNG_058	T9484DEL T9540C	11	11	0
mtNG_058	G9396T T9540C	10	10	0
mtNG_058	T9540C C9558A	10	10	0
mtNG_058	G9445T T9540C	9	9	0
mtNG_058	G9400T T9540C	8	8	0
mtNG_058	G9474T T9540C	8	8	0
mtNG_058	G9493T T9540C	8	8	0
mtNG_058	T9540C C9559A	8	8	0
mtNG_058	C9528A T9540C	8	8	0
mtNG_058	G9384A T9540C	8	8	0
mtNG_058	G9394T T9540C	7	7	0
mtNG_058	G9412T T9540C	7	7	0
mtNG_058	G9451T T9540C	7	7	0
mtNG_058	G9504T T9540C	7	7	0
mtNG_058	C9537DEL T9540C	7	7	0
mtNG_058	C9535A T9540C	7	7	0
mtNG_058	C9533A T9540C	7	7	0
mtNG_058	G9502T T9540C	6	6	0
mtNG_058	G9525T T9540C	6	6	0
mtNG_058	T9540C C9557A	6	6	0
mtNG_058	C9427A T9540C	6	6	0
mtNG_058	C9408A T9540C	6	6	0
mtNG_058	C9403A T9540C	6	6	0
mtNG_058	G9380T T9540C	5	5	0
mtNG_058	A9385G T9540C	5	5	0
mtNG_058	G9429T T9540C	5	5	0
mtNG_058	A9437G T9540C	5	5	0
mtNG_058	C9449T T9540C	5	5	0
mtNG_058	9537.1C T9540C	5	5	0
mtNG_058	T9540C G9544T	5	5	0
mtNG_058	T9540C G9554T	5	5	0
mtNG_058	T9540C C9566T	5	5	0
mtNG_058	T9540C G9564A	5	5	0
mtNG_058	T9540C C9556A	5	5	0
mtNG_058	T9540C G9543A	5	5	0
mtNG_058	C9534A T9540C	5	5	0
mtNG_058	C9517A T9540C	5	5	0
mtNG_058	C9505A T9540C	5	5	0
mtNG_058	C9440A T9540C	5	5	0
mtNG_059	T9540C	1219	1219	0
mtNG_059	Other sequences	130	130	0
mtNG_060	REF	6369	6369	0
mtNG_060	Other sequences	389	389	0
mtNG_060	C9790A	9	9	0
mtNG_060	C9785T	8	8	0
mtNG_060	G9810T	8	8	0
mtNG_060	C9857A	8	8	0
mtNG_060	C9841A	7	7	0
mtNG_060	G9819A	7	7	0
mtNG_060	C9757A	7	7	0
mtNG_060	C9729A	7	7	0
mtNG_060	T9707C	7	7	0
mtNG_060	G9713T	6	6	0
mtNG_060	G9819T	6	6	0
mtNG_060	G9838T	6	6	0
mtNG_060	T9891A	6	6	0
mtNG_060	C9848A	6	6	0
mtNG_060	C9767A	6	6	0
mtNG_060	G9738T	5	5	0
mtNG_060	G9786T	5	5	0
mtNG_060	G9828T	5	5	0
mtNG_060	C9884A	5	5	0
mtNG_060	C9825A	5	5	0
mtNG_060	C9793A	5	5	0
mtNG_060	G9774A	5	5	0
mtNG_060	C9759A	5	5	0
mtNG_060	T9758C	5	5	0
mtNG_060	C9731A	5	5	0
mtNG_060	T9716C	5	5	0
mtNG_061	G9947A	780	780	0
mtNG_061	Other sequences	55	55	0
mtNG_062	T10115C	6540	6540	0
mtNG_062	Other sequences	462	462	0
mtNG_062	T10115C G10172T	12	12	0
mtNG_062	G10054T T10115C	10	10	0
mtNG_062	T10115C G10197T	10	10	0
mtNG_062	T10115C G10143T	8	8	0
mtNG_062	T10115C C10186A	8	8	0
mtNG_062	T10115C C10175A	8	8	0
mtNG_062	T10115C T10118C	8	8	0
mtNG_062	T10115C G10144T	7	7	0
mtNG_062	T10115C G10174T	7	7	0
mtNG_062	T10115C G10176T	7	7	0
mtNG_062	T10115C T10222C	7	7	0
mtNG_062	G10068T T10115C	6	6	0
mtNG_062	T10115C G10152T	6	6	0
mtNG_062	T10115C G10170T	6	6	0
mtNG_062	T10115C G10201T	6	6	0
mtNG_062	T10115C C10200A	6	6	0
mtNG_062	G10098T T10115C	5	5	0
mtNG_062	T10115C G10182T	5	5	0
mtNG_062	T10115C A10239G	5	5	0
mtNG_062	T10115C C10226A	5	5	0
mtNG_062	T10115C C10194A	5	5	0
mtNG_062	C10100A T10115C	5	5	0
mtNG_063	T10389C A10398G	796	796	0
mtNG_063	Other sequences	73	73	0
mtNG_064	Other sequences	1	1	0
mtNG_065	REF	229	229	0
mtNG_065	Other sequences	27	27	0
mtNG_066	T10873C	1736	1736	0
mtNG_066	Other sequences	157	157	0
mtNG_066	T10873C A10960G	7	7	0
mtNG_067	G11016A	807	807	0
mtNG_067	Other sequences	94	94	0
mtNG_067	G11016A A11038DEL	5	5	0
mtNG_068	REF	8811	8811	0
mtNG_068	Other sequences	475	475	0
mtNG_068	C11242A	13	13	0
mtNG_068	G11126T	10	10	0
mtNG_068	G11168T	10	10	0
mtNG_068	G11226T	10	10	0
mtNG_068	C11277A	10	10	0
mtNG_068	G11195T	9	9	0
mtNG_068	C11178T	8	8	0
mtNG_068	C11122A	8	8	0
mtNG_068	G11192T	7	7	0
mtNG_068	G11246T	7	7	0
mtNG_068	G11225T	6	6	0
mtNG_068	C11240T	6	6	0
mtNG_068	C11245T	6	6	0
mtNG_068	G11222A	6	6	0
mtNG_068	C11197A	6	6	0
mtNG_068	G11195A	6	6	0
mtNG_068	C11158A	6	6	0
mtNG_068	C11142A	6	6	0
mtNG_068	C11141T	5	5	0
mtNG_068	C11162T	5	5	0
mtNG_068	G11180T	5	5	0
mtNG_068	A11214G	5	5	0
mtNG_068	C11235T	5	5	0
mtNG_068	G11274T	5	5	0
mtNG_068	C11284A	5	5	0
mtNG_068	C11237A	5	5	0
mtNG_068	C11229A	5	5	0
mtNG_068	C11212A	5	5	0
mtNG_068	C11185A	5	5	0
mtNG_068	C11177A	5	5	0
mtNG_068	G11169A	5	5	0
mtNG_068	G11163A	5	5	0
mtNG_068	C11146A	5	5	0
mtNG_068	C11130A	5	5	0
mtNG_068	C11125A	5	5	0
mtNG_069	REF	686	686	0
mtNG_069	Other sequences	51	51	0
mtNG_070	REF	6730	6730	0
mtNG_070	Other sequences	468	468	0
mtNG_070	C11455T C11471T C11527T A11557G A11590G	9	9	0
mtNG_070	C11494G	9	9	0
mtNG_070	G11477T	7	7	0
mtNG_070	G11483T	7	7	0
mtNG_070	G11611T	7	7	0
mtNG_070	C11537A	7	7	0
mtNG_070	C11497A	7	7	0
mtNG_070	C11431A	7	7	0
mtNG_070	G11447T	6	6	0
mtNG_070	G11546T	6	6	0
mtNG_070	G11559T	6	6	0
mtNG_070	C11614A	6	6	0
mtNG_070	C11549A	6	6	0
mtNG_070	C11479A	6	6	0
mtNG_070	G11456T	5	5	0
mtNG_070	G11459T	5	5	0
mtNG_070	G11478T	5	5	0
mtNG_070	G11484T	5	5	0
mtNG_070	C11549T	5	5	0
mtNG_070	G11618T	5	5	0
mtNG_070	T11609C	5	5	0
mtNG_070	C11603A	5	5	0
mtNG_070	T11552C	5	5	0
mtNG_070	C11515A	5	5	0
mtNG_070	G11456A	5	5	0
mtNG_071	G11719A	695	695	0
mtNG_071	Other sequences	75	75	0
mtNG_072	G11914A T11944C	12826	12826	0
mtNG_072	Other sequences	546	546	0
mtNG_072	G11847A G11914A T11944C	29	29	0
mtNG_072	G11887T G11914A T11944C	13	13	0
mtNG_072	G11906T G11914A T11944C	13	13	0
mtNG_072	C11911A G11914A T11944C	13	13	0
mtNG_072	C11868A G11914A T11944C	13	13	0
mtNG_072	G11914A T11944C G11969T	12	12	0
mtNG_072	C11869A G11914A T11944C	12	12	0
mtNG_072	C11810A G11914A T11944C	12	12	0
mtNG_072	G11798T G11914A T11944C	11	11	0
mtNG_072	G11914A T11944C C11981A	11	11	0
mtNG_072	G11914A T11944C G11949A	11	11	0
mtNG_072	G11914A C11919A T11944C	11	11	0
mtNG_072	G11900A G11914A T11944C	11	11	0
mtNG_072	C11896A G11914A T11944C	11	11	0
mtNG_072	T11823C G11914A T11944C	11	11	0
mtNG_072	C11815A G11914A T11944C	11	11	0
mtNG_072	G11799T G11914A T11944C	10	10	0
mtNG_072	G11847T G11914A T11944C	10	10	0
mtNG_072	G11889T G11914A T11944C	10	10	0
mtNG_072	G11891T G11914A T11944C	10	10	0
mtNG_072	G11914A T11944C G11949T	10	10	0
mtNG_072	C11910A G11914A T11944C	10	10	0
mtNG_072	G11852A G11914A T11944C	10	10	0
mtNG_072	11872.1C G11914A T11944C	9	9	0
mtNG_072	G11914A T11944C C11953A	9	9	0
mtNG_072	C11898A G11914A T11944C	9	9	0
mtNG_072	C11872DEL G11914A T11944C	9	9	0
mtNG_072	C11858A G11914A T11944C	9	9	0
mtNG_072	C11816A G11914A T11944C	9	9	0
mtNG_072	G11825T G11914A T11944C	8	8	0
mtNG_072	G11861T G11914A T11944C	8	8	0
mtNG_072	G11914A C11936A T11944C	8	8	0
mtNG_072	C11860A G11914A T11944C	8	8	0
mtNG_072	G11914A T11944C C11946T	7	7	0
mtNG_072	G11914A T11944C C11951T	7	7	0
mtNG_072	G11914A T11944C A11976G	7	7	0
mtNG_072	G11914A T11944C C11983A	7	7	0
mtNG_072	G11914A T11944C G11969A	7	7	0
mtNG_072	G11914A T11935C T11944C	7	7	0
mtNG_072	G11914A C11920A T11944C	7	7	0
mtNG_072	C11894A G11914A T11944C	7	7	0
mtNG_072	G11887A G11914A T11944C	7	7	0
mtNG_072	C11851A G11914A T11944C	7	7	0
mtNG_072	C11813A G11914A T11944C	7	7	0
mtNG_072	G11832T G11914A T11944C	6	6	0
mtNG_072	C11851T G11914A T11944C	6	6	0
mtNG_072	G11900T G11914A T11944C	6	6	0
mtNG_072	G11914A T11944C G11948T	6	6	0
mtNG_072	G11914A T11944C A11959G	6	6	0
mtNG_072	G11914A T11944C C11979A	6	6	0
mtNG_072	G11914A T11944C C11965A	6	6	0
mtNG_072	G11914A T11944C C11951A	6	6	0
mtNG_072	G11914A T11944A	6	6	0
mtNG_072	G11914A C11934A T11944C	6	6	0
mtNG_072	G11914A C11925A T11944C	6	6	0
mtNG_072	G11914A T11918C T11944C	6	6	0
mtNG_072	G11914A C11917A T11944C	6	6	0
mtNG_072	G11902A G11914A T11944C	6	6	0
mtNG_072	C11870A G11914A T11944C	6	6	0
mtNG_072	T11827C G11914A T11944C	6	6	0
mtNG_072	C11804A G11914A T11944C	6	6	0
mtNG_072	C11795T G11914A T11944C	5	5	0
mtNG_072	G11852T G11914A T11944C	5	5	0
mtNG_072	A11912T G11914A T11944C	5	5	0
mtNG_072	C11913T G11914A T11944C	5	5	0
mtNG_072	G11914A G11922T T11944C	5	5	0
mtNG_072	G11914A T11944C A11966T	5	5	0
mtNG_072	G11914A T11944C C11986A	5	5	0
mtNG_072	G11914A T11944C C11980A	5	5	0
mtNG_072	G11914A T11944C C11967A	5	5	0
mtNG_072	G11914A C11938A T11944C	5	5	0
mtNG_072	C11903A G11914A T11944C	5	5	0
mtNG_072	C11881A G11914A T11944C	5	5	0
mtNG_072	C11853A G11914A T11944C	5	5	0
mtNG_072	C11849A G11914A T11944C	5	5	0
mtNG_072	C11840A G11914A T11944C	5	5	0
mtNG_072	G11825A G11914A T11944C	5	5	0
mtNG_072	C11819A G11914A T11944C	5	5	0
mtNG_072	C11817A G11914A T11944C	5	5	0
mtNG_072	C11801A G11914A T11944C	5	5	0
mtNG_072	C11793A G11914A T11944C	5	5	0
mtNG_073	REF	967	967	0
mtNG_073	Other sequences	71	71	0
mtNG_074	REF	6838	6838	0
mtNG_074	Other sequences	433	433	0
mtNG_074	G12221T	10	10	0
mtNG_074	A12310DEL	8	8	0
mtNG_074	G12192T	7	7	0
mtNG_074	G12300T	7	7	0
mtNG_074	G12315T	7	7	0
mtNG_074	G12183T	6	6	0
mtNG_074	G12185T	6	6	0
mtNG_074	G12257T	6	6	0
mtNG_074	G12275T	6	6	0
mtNG_074	T12169C	6	6	0
mtNG_074	C12162A	6	6	0
mtNG_074	G12170T	5	5	0
mtNG_074	G12256T	5	5	0
mtNG_074	G12283T	5	5	0
mtNG_074	G12301T	5	5	0
mtNG_074	G12334T	5	5	0
mtNG_074	C12303A	5	5	0
mtNG_074	C12264A	5	5	0
mtNG_074	C12262A	5	5	0
mtNG_074	C12258A	5	5	0
mtNG_074	C12240A	5	5	0
mtNG_074	C12216A	5	5	0
mtNG_074	C12196A	5	5	0
mtNG_075	REF	326	326	0
mtNG_075	Other sequences	34	34	0
mtNG_075	A12425DEL	5	5	0
mtNG_076	REF	10	10	0
mtNG_077	A12693G C12705T A12715G	541	541	0
mtNG_077	Other sequences	35	35	0
mtNG_078	REF	3829	3829	0
mtNG_078	Other sequences	309	309	0
mtNG_078	G12925T	8	8	0
mtNG_078	C12831T	5	5	0
mtNG_078	G12997T	5	5	0
mtNG_078	C12914A	5	5	0
mtNG_079	REF	424	424	0
mtNG_079	Other sequences	56	56	0
mtNG_080	REF	5856	5856	0
mtNG_080	Other sequences	420	420	0
mtNG_080	C13230A	7	7	0
mtNG_080	C13155A	7	7	0
mtNG_080	C13148A	7	7	0
mtNG_080	C13306A	6	6	0
mtNG_080	C13213A	6	6	0
mtNG_080	C13147A	6	6	0
mtNG_080	G13210T	5	5	0
mtNG_080	G13268T	5	5	0
mtNG_080	G13317T	5	5	0
mtNG_080	C13329T	5	5	0
mtNG_080	C13335A	5	5	0
mtNG_080	C13211A	5	5	0
mtNG_080	C13202A	5	5	0
mtNG_080	T13195C	5	5	0
mtNG_080	C13156A	5	5	0
mtNG_081	REF	1348	1348	0
mtNG_081	Other sequences	110	110	0
mtNG_082	G13590A C13650T	12252	12252	0
mtNG_082	Other sequences	523	523	0
mtNG_082	G13525T G13590A C13650T	21	21	0
mtNG_082	G13558T G13590A C13650T	19	19	0
mtNG_082	C13584A G13590A C13650T	15	15	0
mtNG_082	G13590A G13643T C13650T	12	12	0
mtNG_082	C13573A G13590A C13650T	12	12	0
mtNG_082	C13553A G13590A C13650T	12	12	0
mtNG_082	G13513T G13590A C13650T	11	11	0
mtNG_082	C13578A G13590A C13650T	10	10	0
mtNG_082	G13590A G13610T C13650T	9	9	0
mtNG_082	G13590A C13650T G13669T	9	9	0
mtNG_082	G13590A C13639A C13650T	9	9	0
mtNG_082	C13580A G13590A C13650T	9	9	0
mtNG_082	C13545A G13590A C13650T	9	9	0
mtNG_082	C13530A G13590A C13650T	9	9	0
mtNG_082	C13509A G13590A C13650T	9	9	0
mtNG_082	G13590A G13595T C13650T	8	8	0
mtNG_082	G13590A C13649A C13650T	8	8	0
mtNG_082	G13590A C13599A C13650T	8	8	0
mtNG_082	C13561A G13590A C13650T	8	8	0
mtNG_082	C13532A G13590A C13650T	8	8	0
mtNG_082	G13531A G13590A C13650T	8	8	0
mtNG_082	C13530T G13590A C13650T	7	7	0
mtNG_082	G13552T G13590A C13650T	7	7	0
mtNG_082	G13556T G13590A C13650T	7	7	0
mtNG_082	G13579T G13590A C13650T	7	7	0
mtNG_082	G13590A G13597T C13650T	7	7	0
mtNG_082	G13590A C13647A C13650T	7	7	0
mtNG_082	G13590A C13636A C13650T	7	7	0
mtNG_082	G13590A C13626A C13650T	7	7	0
mtNG_082	G13590A C13609A C13650T	7	7	0
mtNG_082	G13590A C13596A C13650T	7	7	0
mtNG_082	C13575A G13590A C13650T	7	7	0
mtNG_082	C13547A G13590A C13650T	7	7	0
mtNG_082	C13516A G13590A C13650T	7	7	0
mtNG_082	C13524T G13590A C13650T	6	6	0
mtNG_082	C13561T G13590A C13650T	6	6	0
mtNG_082	C13586T G13590A C13650T	6	6	0
mtNG_082	G13590A C13627T C13650T	6	6	0
mtNG_082	G13590A C13650T C13654A	6	6	0
mtNG_082	G13590A C13648A C13650T	6	6	0
mtNG_082	G13590A C13625A C13650T	6	6	0
mtNG_082	G13590A C13621A C13650T	6	6	0
mtNG_082	C13588A G13590A C13650T	6	6	0
mtNG_082	C13521A G13590A C13650T	6	6	0
mtNG_082	C13508A G13590A C13650T	6	6	0
mtNG_082	C13587T G13590A C13650T	5	5	0
mtNG_082	G13590A A13591T C13650T	5	5	0
mtNG_082	G13590A G13604T C13650T	5	5	0
mtNG_082	G13590A C13650T C13653T	5	5	0
mtNG_082	G13590A C13650T C13653A	5	5	0
mtNG_082	G13590A G13643A C13650T	5	5	0
mtNG_082	G13590A C13623A C13650T	5	5	0
mtNG_082	G13590A C13592A C13650T	5	5	0
mtNG_082	C13586A G13590A C13650T	5	5	0
mtNG_082	C13583A G13590A C13650T	5	5	0
mtNG_082	C13506A G13590A C13650T	5	5	0
mtNG_083	C13650T A13803G	1928	1928	0
mtNG_083	Other sequences	205	205	0
mtNG_083	C13650A C13658A T13659C C13662T T13665C T13674C A13675T A13676G C13687T C13702T G13707A G13708A G13711A C13712T C13719T A13722T T13740C T13743C A13748G C13754T C13765A C13767T T13768C T13769C C13775T C13785A C13788T C13792G C13809A C13811G T13812C G13813A T13818C T13820C T13830C A13833T	7	7	0
mtNG_083	C13650A T13656A T13659C T13665C T13674C C13680T A13686G A13691G T13698C G13707A G13708A G13711A C13712T T13740C T13743C A13745G C13754T G13759A 13764.1A 13764.2T T13768DEL T13769DEL C13775T A13776G C13785A C13788T T13789C C13792T C13809A C13811G T13812C G13813A T13818C A13833G	6	6	0
mtNG_084	REF	2903	2903	0
mtNG_084	Other sequences	244	244	0
mtNG_085	REF	644	644	0
mtNG_085	Other sequences	40	40	0
mtNG_086	REF	1978	1978	0
mtNG_086	Other sequences	203	203	0
mtNG_086	A14375G	13	13	0
mtNG_086	A14375C	9	9	0
mtNG_086	A14375T	6	6	0
mtNG_086	C14248A	5	5	0
mtNG_087	REF	311	311	0
mtNG_087	Other sequences	41	41	0
mtNG_088	A14566G	5197	5197	0
mtNG_088	Other sequences	346	346	0
mtNG_088	A14566G G14710A	9	9	0
mtNG_088	A14566G C14664A	8	8	0
mtNG_088	G14560A A14566G	7	7	0
mtNG_088	A14561G A14566G	6	6	0
mtNG_088	A14566G G14681A	6	6	0
mtNG_088	A14566G G14698A	5	5	0
mtNG_088	A14566G C14678A	5	5	0
mtNG_088	A14566G C14630A	5	5	0
mtNG_088	A14566G C14567A	5	5	0
mtNG_089	C14766T	1083	1083	0
mtNG_089	Other sequences	104	104	0
mtNG_089	C14766T G14861A	11	11	0
mtNG_090	REF	5797	5797	0
mtNG_090	Other sequences	393	393	0
mtNG_090	T14987C	12	12	0
mtNG_090	C14993A	8	8	0
mtNG_090	G14960T	7	7	0
mtNG_090	G15024T	7	7	0
mtNG_090	C15063A	7	7	0
mtNG_090	G14972T	6	6	0
mtNG_090	C14998T	6	6	0
mtNG_090	C15075A	6	6	0
mtNG_090	C15026A	6	6	0
mtNG_090	T15023C	6	6	0
mtNG_090	C14948A	6	6	0
mtNG_090	C14925A	6	6	0
mtNG_090	C14923A	6	6	0
mtNG_090	C14916A	6	6	0
mtNG_090	C14911A	6	6	0
mtNG_090	C14906A	6	6	0
mtNG_090	G15005T	5	5	0
mtNG_090	C15044T	5	5	0
mtNG_090	G15045T	5	5	0
mtNG_090	C15068A	5	5	0
mtNG_090	G15005A	5	5	0
mtNG_090	C14984A	5	5	0
mtNG_090	C14957A	5	5	0
mtNG_090	C14940A	5	5	0
mtNG_090	C14932A	5	5	0
mtNG_090	G14930A	5	5	0
mtNG_090	C14915A	5	5	0
mtNG_091	REF	950	950	0
mtNG_091	Other sequences	68	68	0
mtNG_092	G15301A A15326G	7081	7081	0
mtNG_092	Other sequences	458	458	0
mtNG_092	G15301A A15326G G15356T	8	8	0
mtNG_092	G15301A A15326G C15385A	8	8	0
mtNG_092	G15261T G15301A A15326G	7	7	0
mtNG_092	G15301A G15317T A15326G	7	7	0
mtNG_092	G15301A A15326G C15369A	7	7	0
mtNG_092	G15301A A15326G G15375T	6	6	0
mtNG_092	G15301A A15326G C15418A	6	6	0
mtNG_092	G15301A A15326G C15400A	6	6	0
mtNG_092	G15301A A15326G C15327A	6	6	0
mtNG_092	C15286A G15301A A15326G	6	6	0
mtNG_092	C15280A G15301A A15326G	6	6	0
mtNG_092	C15269A G15301A A15326G	6	6	0
mtNG_092	C15264A G15301A A15326G	6	6	0
mtNG_092	C15259T G15301A A15326G	5	5	0
mtNG_092	G15301A A15326G C15349T	5	5	0
mtNG_092	G15301A A15326G A15376G	5	5	0
mtNG_092	G15301A A15326G G15392T	5	5	0
mtNG_092	G15301A A15326G G15428A	5	5	0
mtNG_092	G15301A A15326G C15379A	5	5	0
mtNG_092	G15301A A15326G C15360A	5	5	0
mtNG_092	C15298A G15301A A15326G	5	5	0
mtNG_092	C15290A G15301A A15326G	5	5	0
mtNG_093	REF	906	906	0
mtNG_093	Other sequences	69	69	0
mtNG_094	REF	4879	4879	0
mtNG_094	Other sequences	373	373	0
mtNG_094	G15699T	8	8	0
mtNG_094	G15591T	7	7	0
mtNG_094	C15661A	6	6	0
mtNG_094	C15626A	6	6	0
mtNG_094	C15600A	6	6	0
mtNG_094	G15615T	5	5	0
mtNG_094	C15745A	5	5	0
mtNG_094	C15743A	5	5	0
mtNG_095	T15784C	951	951	0
mtNG_095	Other sequences	76	76	0
mtNG_096	REF	9814	9814	0
mtNG_096	Other sequences	520	520	0
mtNG_096	G15928T	12	12	0
mtNG_096	G16047T	12	12	0
mtNG_096	C15917A	11	11	0
mtNG_096	C15977A	10	10	0
mtNG_096	C15969A	10	10	0
mtNG_096	G16035T	9	9	0
mtNG_096	C16072A	9	9	0
mtNG_096	C16055A	9	9	0
mtNG_096	C15913A	9	9	0
mtNG_096	G16034T	8	8	0
mtNG_096	G16084A	8	8	0
mtNG_096	C16069A	8	8	0
mtNG_096	G16065A	8	8	0
mtNG_096	C16053A	8	8	0
mtNG_096	G16036T	7	7	0
mtNG_096	G16042T	7	7	0
mtNG_096	C15987A	7	7	0
mtNG_096	C15978A	7	7	0
mtNG_096	G15933T	6	6	0
mtNG_096	G15950T	6	6	0
mtNG_096	G16000T	6	6	0
mtNG_096	G16065T	6	6	0
mtNG_096	C16083T	6	6	0
mtNG_096	C16095T	6	6	0
mtNG_096	C16040A	6	6	0
mtNG_096	T16010C	6	6	0
mtNG_096	T16008C	6	6	0
mtNG_096	C15991A	6	6	0
mtNG_096	G15927T	5	5	0
mtNG_096	G15930T	5	5	0
mtNG_096	G15949T	5	5	0
mtNG_096	C15952T	5	5	0
mtNG_096	A15958T	5	5	0
mtNG_096	C15980T	5	5	0
mtNG_096	G15986T	5	5	0
mtNG_096	G16039T	5	5	0
mtNG_096	G16048T	5	5	0
mtNG_096	C16085T	5	5	0
mtNG_096	C16056A	5	5	0
mtNG_096	G16034A	5	5	0
mtNG_096	C16026A	5	5	0
mtNG_096	C16019A	5	5	0
mtNG_096	C15980A	5	5	0
mtNG_096	C15946A	5	5	0
mtNG_096	T15916C	5	5	0
mtNG_096	T15905C	5	5	0
mtNG_097	T16189C C16192T C16223T	21	21	0
mtNG_097	Other sequences	4	4	0
mtNG_098	C16223T C16278T C16294T A16309G G16390A	4891	4891	0
mtNG_098	Other sequences	393	393	0
mtNG_098	C16223T C16256A C16278T C16294T A16309G G16390A	13	13	0
mtNG_098	C16223T C16278T C16294T G16390A	10	10	0
mtNG_098	C16223T G16274A C16278T C16294T A16309G G16390A	9	9	0
mtNG_098	C16223T C16278T C16290T C16294T A16309G G16390A	8	8	0
mtNG_098	C16223T C16278T C16294T A16309G C16354A G16390A	8	8	0
mtNG_098	C16223T C16278T C16294T A16309G C16327A G16390A	8	8	0
mtNG_098	C16223T C16268A C16278T C16294T A16309G G16390A	8	8	0
mtNG_098	C16223T C16261T C16278T C16294T A16309G G16390A	7	7	0
mtNG_098	C16223T C16278T C16294T A16309G C16379A G16390A	7	7	0
mtNG_098	C16223T C16278T C16294T A16309G G16390A C16393A	6	6	0
mtNG_098	C16223T A16265C C16278T C16294T A16309G G16390A	5	5	0
mtNG_098	C16223T C16266T C16278T C16294T A16309G G16390A	5	5	0
mtNG_098	C16223T C16278T C16294T A16309G C16378A G16390A	5	5	0
mtNG_098	C16223T C16278T C16294T A16309G C16313A G16390A	5	5	0
mtNG_098	C16223T C16278T C16294T C16301A A16309G G16390A	5	5	0
mtNG_099	G16390A	818	818	0
mtNG_099	Other sequences	76	76	0
mtNG_099	G16390A T16519C	20	20	0
