marker	sequence	total	forward	reverse
mtNG_001	REF	284	284	0
mtNG_001	Other sequences	21	21	0
mtNG_002	A263G	3051	3051	0
mtNG_002	Other sequences	106	106	0
mtNG_002	A189G A263G	7	7	0
mtNG_002	T152C A263G	7	7	0
mtNG_002	T195C A263G	6	6	0
mtNG_002	C147A A263G	6	6	0
mtNG_002	C231A A263G	5	5	0
mtNG_003	A263G 315.1C	693	693	0
mtNG_003	Other sequences	92	92	0
mtNG_003	A263G 309.1C 315.1C	17	17	0
mtNG_003	A263G A302C 315.1C	7	7	0
mtNG_003	A263G T310A 315.1C	5	5	0
mtNG_004	REF	1090	1090	0
mtNG_004	Other sequences	36	36	0
mtNG_005	T477C	429	429	0
mtNG_005	Other sequences	103	103	0
mtNG_005	T477C A493C	6	6	0
mtNG_005	T477C A567G	6	6	0
mtNG_005	T477C A523DEL C524DEL	5	5	0
mtNG_006	A750G	2756	2756	0
mtNG_006	C573T A576G C592T A621C G625A C632T T634C C661G T668DEL T669DEL C670DEL T671DEL C708T T710C T711C A714G T721DEL C756T	584	584	0
mtNG_006	Other sequences	381	381	0
mtNG_006	C573T C592T T596C A621C C632T A686G T710C T711C T721DEL A754G C756T	248	248	0
mtNG_006	A686G T710C T711C T721DEL A754G C756T	86	86	0
mtNG_006	C708T T710C T711C A714G T721DEL C756T	43	43	0
mtNG_006	C573T A576G C592T A621C G625A C632T T634C C661G T668DEL T669DEL C670DEL T671DEL A750G	36	36	0
mtNG_006	C573T C592T T596C A621C C632T A750G	36	36	0
mtNG_006	A621C G625A C632T T634C C661G T668DEL T669DEL C670DEL T671DEL C708T T710C T711C A714G T721DEL C756T	30	30	0
mtNG_006	C573T A576G C592T A621C G625A C632T T634C A750G	22	22	0
mtNG_006	T710C T711C T721DEL A754G C756T	22	22	0
mtNG_006	C661G T668DEL T669DEL C670DEL T671DEL C708T T710C T711C A714G T721DEL C756T	21	21	0
mtNG_006	C573T C592T T596C A750G	19	19	0
mtNG_006	C756T	19	19	0
mtNG_006	C573T A576G C592T A621C G625A C632T T634C C661G T668DEL T669DEL C670DEL T671DEL C708T T710C T711C A714G T721DEL A750G	15	15	0
mtNG_006	C573T C592T T596C A621C C632T A686G T710C T711C T721DEL A750G	15	15	0
mtNG_006	C592T A621C G625A C632T T634C C661G T668DEL T669DEL C670DEL T671DEL C708T T710C T711C A714G T721DEL C756T	15	15	0
mtNG_006	C592T T596C A621C C632T A686G T710C T711C T721DEL A754G C756T	15	15	0
mtNG_006	C573T A750G	14	14	0
mtNG_006	C573T A576G C592T A750G	13	13	0
mtNG_006	A621C C632T A686G T710C T711C T721DEL A754G C756T	13	13	0
mtNG_006	C573T C592T T596C A621C G625A C632T T634C C661G T668DEL T669DEL C670DEL T671DEL C708T T710C T711C A714G T721DEL C756T	11	11	0
mtNG_006	A686G T710C T711C T721DEL A750G	10	10	0
mtNG_006	A621C C632T A750G	9	9	0
mtNG_006	C661G T668DEL T669DEL C670DEL T671DEL A750G	9	9	0
mtNG_006	A754G C756T	9	9	0
mtNG_006	C573T A576G C592T A621C G625A C632T T634C C661G T668DEL T669DEL C670DEL T671DEL C708T T710C T711C A714G T721DEL A754G C756T	8	8	0
mtNG_006	C573T C592T T596C A621C A750G	7	7	0
mtNG_006	C573T A576G A750G	6	6	0
mtNG_006	C573T C592T T596C A621C C632T A686G A750G	6	6	0
mtNG_006	A621C G625A C632T T634C C661G T668DEL T669DEL C670DEL T671DEL A750G	6	6	0
mtNG_006	T721DEL A754G C756T	6	6	0
mtNG_006	C607T A750G	5	5	0
mtNG_006	C632T A686G T710C T711C T721DEL A754G C756T	5	5	0
mtNG_006	A686G A750G	5	5	0
mtNG_006	C573DEL A750G	5	5	0
mtNG_007	REF	151	151	0
mtNG_007	Other sequences	9	9	0
mtNG_008	REF	1964	1964	0
mtNG_008	Other sequences	191	191	0
mtNG_008	G930A G936A C956A C957T C958T T961DEL C964T C979T C984G C1009T G1018A C1038T A1039G T1040C C1052G G1057A C1106T C1120T	79	79	0
mtNG_008	G930A C956A C957T C958T T961DEL C964T C979T C1009T G1018A A1039G T1040C C1106T C1120T	49	49	0
mtNG_008	C1106T C1120T	31	31	0
mtNG_008	C1120T	12	12	0
mtNG_008	G930A C956A C957T C958T T961DEL C964T C979T C1009T G1018A A1039G T1040C C1120T	12	12	0
mtNG_008	G930A	11	11	0
mtNG_008	C1009T G1018A A1039G T1040C C1106T C1120T	7	7	0
mtNG_008	G930A G936A C956A C957T C958T T961DEL C964T C979T C984G C1009T G1018A C1038T A1039G T1040C C1052G G1057A	7	7	0
mtNG_008	G941T	5	5	0
mtNG_008	G930A C956A C957T C958T T961DEL C964T C979T C1009T G1018A A1039G T1040C	5	5	0
mtNG_009	REF	400	400	0
mtNG_009	Other sequences	71	71	0
mtNG_009	C1106T C1120T T1267C T1284C T1291C A1292G	37	37	0
mtNG_009	T1284C A1292G	37	37	0
mtNG_009	T1267C T1284C T1291C A1292G	35	35	0
mtNG_009	C1106T C1120T	31	31	0
mtNG_009	C1120T T1284C A1292G	31	31	0
mtNG_009	C1106T C1120T T1284C A1292G	25	25	0
mtNG_009	C1120T	15	15	0
mtNG_009	C1106T	8	8	0
mtNG_009	C1120T T1267C T1284C T1291C A1292G	5	5	0
mtNG_010	A1438G	1981	1981	0
mtNG_010	T1284C T1291C A1292G C1376T C1377T G1393A T1398G C1405T	231	231	0
mtNG_010	T1284C A1292G C1322T G1348C C1376T C1377T G1393A C1405T	170	170	0
mtNG_010	Other sequences	166	166	0
mtNG_010	T1284C T1291C A1292G A1438G	35	35	0
mtNG_010	REF	27	27	0
mtNG_010	C1376T C1377T G1393A T1398G C1405T	23	23	0
mtNG_010	T1284C T1291C A1292G C1376T C1377T G1393A T1398G C1405T A1438G	16	16	0
mtNG_010	T1284C A1292G C1322T G1348C C1376T C1377T G1393A C1405T A1438G	9	9	0
mtNG_010	T1284C A1292G C1322T G1348C C1376T C1377T G1393A A1438G	9	9	0
mtNG_010	T1284C A1292G C1322T G1348C A1438G	8	8	0
mtNG_010	C1405T	7	7	0
mtNG_010	C1322T G1348C C1376T C1377T G1393A C1405T	6	6	0
mtNG_010	T1284C A1292G C1322T A1438G	6	6	0
mtNG_010	G1355T A1438G	5	5	0
mtNG_010	C1376T C1377T G1393A C1405T	5	5	0
mtNG_010	G1348C C1376T C1377T G1393A C1405T	5	5	0
mtNG_010	T1284C A1292G A1438G	5	5	0
mtNG_010	T1284C T1291C A1292G C1376T C1377T A1438G	5	5	0
mtNG_011	A1438G	422	422	0
mtNG_011	T1520C C1556T	64	64	0
mtNG_011	G1476A C1518T	63	63	0
mtNG_011	Other sequences	55	55	0
mtNG_011	T1451G A1536G C1556T	50	50	0
mtNG_011	A1438G T1520C C1556T	12	12	0
mtNG_011	REF	12	12	0
mtNG_011	A1438G A1536G C1556T	10	10	0
mtNG_011	T1520C	10	10	0
mtNG_011	A1438G C1556T	7	7	0
mtNG_011	G1476A	7	7	0
mtNG_012	REF	2540	2540	0
mtNG_012	Other sequences	220	220	0
mtNG_012	C1619T T1654C G1664A T1673C C1685T A1692G C1693T G1709A C1711T G1719A 1760.1T T1766DEL	219	219	0
mtNG_012	1760.1T T1766DEL	29	29	0
mtNG_012	C1619T	28	28	0
mtNG_012	T1654C G1664A T1673C C1685T A1692G C1693T G1709A C1711T G1719A 1760.1T T1766DEL	20	20	0
mtNG_012	C1619T T1654C G1664A T1673C C1685T A1692G C1693T G1709A C1711T G1719A	15	15	0
mtNG_012	A1744G	11	11	0
mtNG_012	T1654C T1673C C1693T A1708G G1709A A1713G C1715T G1719A C1725T 1760.1T C1764T T1766DEL	10	10	0
mtNG_012	A1584G	9	9	0
mtNG_012	C1619T T1654C G1664A T1673C C1685T A1692G C1693T	8	8	0
mtNG_012	C1695A	8	8	0
mtNG_012	T1654C G1664A T1673C C1685T A1692G C1693T G1709A C1711T G1719A	8	8	0
mtNG_012	C1619T T1654C G1664A C1693T G1709A G1719A C1733T 1760.1T T1766DEL	7	7	0
mtNG_012	C1619T T1654C G1664A T1673C	5	5	0
mtNG_012	A1763G	5	5	0
mtNG_012	G1664A T1673C C1685T A1692G C1693T G1709A C1711T G1719A 1760.1T T1766DEL	5	5	0
mtNG_013	REF	372	372	0
mtNG_013	Other sequences	32	32	0
mtNG_014	REF	2121	2121	0
mtNG_014	Other sequences	100	100	0
mtNG_014	G1958T	5	5	0
mtNG_015	REF	580	580	0
mtNG_015	G2056A T2071C T2080C G2143A C2162T	97	97	0
mtNG_015	G2056A T2071C T2080C G2143A C2162T T2168C	78	78	0
mtNG_015	G2056A C2059T G2143A C2162T	77	77	0
mtNG_015	Other sequences	61	61	0
mtNG_015	T2053C G2056A C2066T C2067T C2068A T2069DEL A2072T T2075C C2077T T2080C A2086G T2088DEL T2089DEL A2090DEL A2091DEL C2101T A2109G G2120A A2124C A2130G A2133T C2137T 2139.1T 2139.2C 2139.3T G2145DEL G2147DEL T2158A A2160T A2163C A2172T G2174A T2177C A2179C G2182A	29	29	0
mtNG_015	T2053C G2056A C2066T C2067T C2068A T2069DEL A2072T T2075C C2077T T2080C A2086G T2088DEL T2089DEL A2090DEL A2091DEL C2101T A2109G G2120A A2124C A2130G A2133T C2137T 2139.1T 2139.2C 2139.3T G2145DEL G2147DEL T2157C T2158A A2160T A2163C A2172T G2174A T2177C A2179C G2182A	28	28	0
mtNG_015	G2143A C2162T	22	22	0
mtNG_015	G2056A C2059T	12	12	0
mtNG_015	G2056A T2071C T2080C	11	11	0
mtNG_015	G2143A C2162T T2168C	9	9	0
mtNG_015	G2056A	8	8	0
mtNG_015	C2036T T2053C G2056A C2057A 2059.1T C2066T C2067T C2068A T2069DEL A2072T C2078T T2080C A2086G G2098DEL T2099DEL C2100DEL C2101DEL A2102DEL A2106G A2109G A2112G C2114A T2119C G2120A C2123T G2129A A2133T T2138G G2140C 2140.1C G2143T A2155G A2160T A2163C C2164A G2170A A2172T	6	6	0
mtNG_015	G2056A C2059T A2065G C2068A T2069DEL A2072T T2080C C2101T A2109G G2120A C2125T A2133C G2140C T2141A A2142T 2143.1T T2157C 2157.1A A2161T A2163DEL A2172T T2177C A2178G	6	6	0
mtNG_015	C2043DEL T2053C G2056A C2066T C2067DEL C2068DEL A2072T C2077T T2080C A2084T A2086G C2101T G2108A A2109G G2120A G2121C A2124C A2133C A2135G G2140C 2140.1C G2143C 2157.1A A2161C C2166DEL A2172T C2175T T2177C A2181G	6	6	0
mtNG_015	T2071C T2080C G2143A C2162T T2168C	5	5	0
mtNG_015	G2056A T2071C T2080C G2143A	5	5	0
mtNG_016	REF	3170	3170	0
mtNG_016	G2143A C2162T C2221T T2222C A2223G C2224T T2244C A2251G C2257T C2262T C2280T C2284T	444	444	0
mtNG_016	G2143A C2162T T2168C A2213G C2219T A2220G C2221T T2222C C2224T T2242C C2257T A2258G C2280T A2294G	434	434	0
mtNG_016	Other sequences	299	299	0
mtNG_016	C2221T T2222C A2223G C2224T T2244C A2251G C2257T C2262T C2280T C2284T	79	79	0
mtNG_016	G2143A C2162T	65	65	0
mtNG_016	G2143A	54	54	0
mtNG_016	G2143A C2162T T2168C	49	49	0
mtNG_016	C2162T C2221T T2222C A2223G C2224T T2244C A2251G C2257T C2262T C2280T C2284T	29	29	0
mtNG_016	C2162T T2168C A2213G C2219T A2220G C2221T T2222C C2224T T2242C C2257T A2258G C2280T A2294G	22	22	0
mtNG_016	A2213G C2219T A2220G C2221T T2222C C2224T T2242C C2257T A2258G C2280T A2294G	20	20	0
mtNG_016	T2244C A2251G C2257T C2262T C2280T C2284T	19	19	0
mtNG_016	A2294G	18	18	0
mtNG_016	G2143A C2162T C2221T T2222C A2223G C2224T T2244C A2251G C2257T C2262T	18	18	0
mtNG_016	G2143A C2162T T2168C A2213G C2219T A2220G C2221T T2222C C2224T T2242C C2257T A2258G C2280T	18	18	0
mtNG_016	G2143A C2162T T2168C A2213G C2219T A2220G C2221T T2222C C2224T T2242C C2257T A2258G	18	18	0
mtNG_016	T2168C A2213G C2219T A2220G C2221T T2222C C2224T T2242C C2257T A2258G C2280T A2294G	11	11	0
mtNG_016	T2242C C2257T A2258G C2280T A2294G	10	10	0
mtNG_016	G2143A C2162T T2168C A2213G C2219T A2220G C2221T T2222C C2224T	8	8	0
mtNG_016	C2210T	7	7	0
mtNG_016	G2143A C2162T C2221T T2222C A2223G C2224T T2244C A2251G	7	7	0
mtNG_016	G2143A C2162T T2168C A2213G C2219T A2220G C2221T T2222C C2224T T2242C	7	7	0
mtNG_016	C2162T	6	6	0
mtNG_016	C2280T C2284T	6	6	0
mtNG_016	G2143A C2162T A2213G C2219T A2220G C2221T T2222C C2224T T2242C C2257T A2258G C2280T A2294G	6	6	0
mtNG_016	G2143A C2162T C2221T T2222C A2223G C2224T	6	6	0
mtNG_016	A2161G	5	5	0
mtNG_016	C2162T T2168C	5	5	0
mtNG_016	C2280T A2294G	5	5	0
mtNG_016	C2280A	5	5	0
mtNG_016	G2143A C2162T T2168C C2221T T2222C A2223G C2224T T2244C A2251G C2257T C2262T C2280T C2284T	5	5	0
mtNG_016	G2143A C2221T T2222C A2223G C2224T T2244C A2251G C2257T C2262T C2280T C2284T	5	5	0
mtNG_017	REF	404	404	0
mtNG_017	Other sequences	20	20	0
mtNG_018	REF	183	183	0
mtNG_018	Other sequences	18	18	0
mtNG_019	REF	699	699	0
mtNG_019	Other sequences	44	44	0
mtNG_020	REF	3692	3692	0
mtNG_020	T2744C T2750C G2758A T2759C C2762T A2769G C2770T T2778C C2788T A2798G T2800G G2831C C2834T A2837G G2849A T2850C T2857C A2858G C2881T T2885C T2887C A2888G C2889T C2891T	868	868	0
mtNG_020	Other sequences	290	290	0
mtNG_020	T2744C T2750C G2758A T2759C C2762T A2769G C2770T T2778C C2788T A2798G T2800G	49	49	0
mtNG_020	G2831C C2834T A2837G G2849A T2850C T2857C A2858G C2881T T2885C T2887C A2888G C2889T C2891T	48	48	0
mtNG_020	C2881T T2885C T2887C A2888G C2889T C2891T	27	27	0
mtNG_020	T2744C T2750C G2758A T2759C C2762T A2769G C2770T T2778C C2788T	27	27	0
mtNG_020	T2744C T2750C G2758A T2759C C2762T A2769G C2770T T2778C C2788T A2798G T2800G G2831C C2834T A2837G G2849A T2850C T2857C A2858G	26	26	0
mtNG_020	A2798G T2800G G2831C C2834T A2837G G2849A T2850C T2857C A2858G C2881T T2885C T2887C A2888G C2889T C2891T	21	21	0
mtNG_020	T2744A T2746C T2747C T2750C G2751C C2756G T2759A C2761T C2762A T2763G A2765T C2766T A2767T C2772A A2773T C2774T G2776A T2778G C2779A C2780A A2784DEL T2786A C2789DEL A2790DEL C2793T G2796C T2800G A2802G A2803T 2803.1T 2803.2G 2803.3G 2803.4T A2805G C2818T C2829A G2831T C2834A C2835A C2836A A2838T 2847.1G G2849T 2850.1T 2850.2T C2852A T2854G G2855A A2859DEL T2863C T2864DEL C2868A G2876T G2878DEL A2879DEL A2883DEL A2888C 2888.1G A2893DEL T2903A C2911T	21	21	0
mtNG_020	C2788T A2798G T2800G G2831C C2834T A2837G G2849A T2850C T2857C A2858G C2881T T2885C T2887C A2888G C2889T C2891T	17	17	0
mtNG_020	T2744C T2750C G2758A T2759C C2762T A2769G C2770T T2778C	15	15	0
mtNG_020	G2849A T2850C T2857C A2858G C2881T T2885C T2887C A2888G C2889T C2891T	12	12	0
mtNG_020	T2744C T2750C G2758A T2759C C2762T A2769G C2770T	12	12	0
mtNG_020	T2778C C2788T A2798G T2800G G2831C C2834T A2837G G2849A T2850C T2857C A2858G C2881T T2885C T2887C A2888G C2889T C2891T	11	11	0
mtNG_020	G2878T	10	10	0
mtNG_020	T2744C T2750C G2758A T2759C C2762T A2769G C2770T T2778C C2788T A2798G T2800G G2831C C2834T A2837G	10	10	0
mtNG_020	G2831T	7	7	0
mtNG_020	C2852T	6	6	0
mtNG_020	G2860T	6	6	0
mtNG_020	T2898C	6	6	0
mtNG_020	C2889A	6	6	0
mtNG_020	T2744C T2750C G2758A T2759C C2762T	6	6	0
mtNG_020	G2844T	5	5	0
mtNG_020	C2847T	5	5	0
mtNG_020	G2896T	5	5	0
mtNG_020	G2758A T2759DEL C2761G 2763.1C 2763.2A C2766T A2769G T2778C C2780T C2789T A2790G A2791T A2792C C2809T G2815A C2818T G2831T C2834T C2835T C2836T G2849DEL T2850DEL 2852.1C 2852.2T T2864A C2865A C2868A C2872T A2873T A2875C C2877T C2881T T2890A C2891T 2892.1T T2898C C2906T C2911T	5	5	0
mtNG_021	G3010A N3107DEL	856	856	0
mtNG_021	Other sequences	45	45	0
mtNG_022	N3107DEL	1989	1989	0
mtNG_022	Other sequences	127	127	0
mtNG_022	N3107DEL G3238T G3244T	8	8	0
mtNG_022	N3107DEL G3244A	7	7	0
mtNG_023	REF	8	8	0
mtNG_023	Other sequences	1	1	0
mtNG_024	Other sequences	4	4	0
mtNG_025	REF	528	528	0
mtNG_025	Other sequences	33	33	0
mtNG_026	REF	2127	2127	0
mtNG_026	Other sequences	148	148	0
mtNG_026	C3867A	11	11	0
mtNG_026	C3822A	6	6	0
mtNG_026	G3959T	5	5	0
mtNG_026	C3966A	5	5	0
mtNG_027	REF	468	468	0
mtNG_027	G4048A A4104G	44	44	0
mtNG_027	Other sequences	40	40	0
mtNG_028	REF	3519	3519	0
mtNG_028	C4312T C4318T	286	286	0
mtNG_028	Other sequences	183	183	0
mtNG_028	C4350A	9	9	0
mtNG_028	C4351A	6	6	0
mtNG_028	C4312T	5	5	0
mtNG_029	REF	879	879	0
mtNG_029	C4456T	76	76	0
mtNG_029	Other sequences	58	58	0
mtNG_030	REF	568	568	0
mtNG_030	Other sequences	33	33	0
mtNG_031	A4769G	249	249	0
mtNG_031	Other sequences	33	33	0
mtNG_031	T4736C A4769G T4856C C4904T C4914T	13	13	0
mtNG_032	REF	1275	1275	0
mtNG_032	Other sequences	127	127	0
mtNG_032	C4904T C4914T C4940T A4958G G4991A T5041C	86	86	0
mtNG_032	C4904T C4914T C4940T A4958G G4991A	5	5	0
mtNG_033	REF	274	274	0
mtNG_033	G5147A	27	27	0
mtNG_033	Other sequences	22	22	0
mtNG_034	REF	2313	2313	0
mtNG_034	Other sequences	154	154	0
mtNG_034	C5320T A5351G C5387T	47	47	0
mtNG_034	C5320T A5351G	7	7	0
mtNG_034	C5387T	5	5	0
mtNG_034	C5328A	5	5	0
mtNG_035	REF	335	335	0
mtNG_035	Other sequences	30	30	0
mtNG_036	REF	5136	5136	0
mtNG_036	T5580C	432	432	0
mtNG_036	Other sequences	289	289	0
mtNG_036	A5752DEL	13	13	0
mtNG_036	G5623A	10	10	0
mtNG_036	G5744A	8	8	0
mtNG_036	G5738A	8	8	0
mtNG_036	A5649T	7	7	0
mtNG_036	G5738T	7	7	0
mtNG_036	C5730A	6	6	0
mtNG_036	C5635T	5	5	0
mtNG_036	C5652T	5	5	0
mtNG_036	C5586A	5	5	0
mtNG_037	REF	250	250	0
mtNG_037	Other sequences	36	36	0
mtNG_037	G5821A C5840T	19	19	0
mtNG_037	G5769C G5821A C5840T A5843G C5893T C5895T C5899DEL C5922T A5924G	7	7	0
mtNG_037	C5743A G5746A G5769C G5821A C5840T A5843G C5893T C5895T C5899DEL C5922T A5924G	5	5	0
mtNG_038	REF	1842	1842	0
mtNG_038	G6023A	184	184	0
mtNG_038	Other sequences	127	127	0
mtNG_038	G6037A	9	9	0
mtNG_038	C6029A	7	7	0
mtNG_039	REF	891	891	0
mtNG_039	A6113G C6119T T6160A G6182A T6185C T6216C T6221C C6224T C6236T C6242T T6251C G6260A A6266C A6269C A6281G	131	131	0
mtNG_039	Other sequences	122	122	0
mtNG_039	T6221C C6242T A6266C A6299G	87	87	0
mtNG_039	A6113G C6119T	17	17	0
mtNG_039	T6216C T6221C C6224T C6236T C6242T T6251C G6260A A6266C A6269C A6281G	13	13	0
mtNG_039	G6182A T6185C T6216C T6221C C6224T C6236T C6242T T6251C G6260A A6266C A6269C A6281G	11	11	0
mtNG_039	A6113G C6119T T6160A G6182A T6185C	9	9	0
mtNG_039	A6299G	9	9	0
mtNG_039	T6221C C6242T A6266C	9	9	0
mtNG_039	T6160A G6182A T6185C T6216C T6221C C6224T C6236T C6242T T6251C G6260A A6266C A6269C A6281G	8	8	0
mtNG_039	A6113G C6119T T6160A	6	6	0
mtNG_039	G6190A	5	5	0
mtNG_040	REF	840	840	0
mtNG_040	Other sequences	89	89	0
mtNG_040	A6299G G6366A G6383A C6410T C6452T C6483T	29	29	0
mtNG_040	C6452T C6483T	6	6	0
mtNG_041	REF	678	678	0
mtNG_041	Other sequences	60	60	0
mtNG_041	C6452T C6483T T6512C C6542T C6569A T6641C	28	28	0
mtNG_041	T6641C	11	11	0
mtNG_041	C6452T C6483T T6512C C6542T C6569A	9	9	0
mtNG_041	C6452T C6483T T6512C	7	7	0
mtNG_041	C6452T C6483T	5	5	0
mtNG_042	REF	1963	1963	0
mtNG_042	T6641C	245	245	0
mtNG_042	Other sequences	108	108	0
mtNG_043	REF	569	569	0
mtNG_043	Other sequences	62	62	0
mtNG_043	C6935T C6938T	43	43	0
mtNG_044	REF	3628	3628	0
mtNG_044	Other sequences	235	235	0
mtNG_044	G6962T	9	9	0
mtNG_044	C7028T	8	8	0
mtNG_044	T6956C	8	8	0
mtNG_044	C7082A	6	6	0
mtNG_044	G6966T	5	5	0
mtNG_044	G7008T	5	5	0
mtNG_045	REF	502	502	0
mtNG_045	C7133T C7145T A7146G T7169C C7196T C7205T G7211A C7256T T7286C	87	87	0
mtNG_045	Other sequences	57	57	0
mtNG_045	C7133T C7145T A7146G T7169C	6	6	0
mtNG_046	REF	1681	1681	0
mtNG_046	Other sequences	152	152	0
mtNG_046	G7316A	99	99	0
mtNG_046	C7425A	5	5	0
mtNG_047	REF	512	512	0
mtNG_047	Other sequences	36	36	0
mtNG_047	G7521A C7650T	5	5	0
mtNG_048	REF	2316	2316	0
mtNG_048	Other sequences	151	151	0
mtNG_048	T7705C C7810T	14	14	0
mtNG_048	G7814A	10	10	0
mtNG_048	C7721T	5	5	0
mtNG_048	G7814T	5	5	0
mtNG_048	C7849A	5	5	0
mtNG_048	C7760A	5	5	0
mtNG_048	T7677C	5	5	0
mtNG_049	REF	287	287	0
mtNG_049	Other sequences	23	23	0
mtNG_049	C7868T C7891T G7912A	7	7	0
mtNG_050	REF	5065	5065	0
mtNG_050	Other sequences	255	255	0
mtNG_050	A8021G G8065A C8140T G8152A T8167C A8196DEL C8197DEL	65	65	0
mtNG_050	A8021G	24	24	0
mtNG_050	C8140T G8152A T8167C A8196DEL C8197DEL	24	24	0
mtNG_050	A8021G G8065A	17	17	0
mtNG_050	G8065A C8140T G8152A T8167C A8196DEL C8197DEL	14	14	0
mtNG_050	G8091A	10	10	0
mtNG_050	G8065A	10	10	0
mtNG_050	A8021G G8065A C8140T G8152A T8167C	9	9	0
mtNG_050	G8148T	8	8	0
mtNG_050	C8131T	7	7	0
mtNG_050	A8196DEL C8197DEL	7	7	0
mtNG_050	C8017A	7	7	0
mtNG_050	G8075A	6	6	0
mtNG_050	G8024A	6	6	0
mtNG_050	G8091T	5	5	0
mtNG_050	G8102T	5	5	0
mtNG_050	C8140T G8152A T8167C	5	5	0
mtNG_050	C8168T	5	5	0
mtNG_050	T8162C	5	5	0
mtNG_050	G8156A	5	5	0
mtNG_050	G8155A	5	5	0
mtNG_050	C8106A	5	5	0
mtNG_050	C8082A	5	5	0
mtNG_050	G8065A C8140T G8152A T8167C	5	5	0
mtNG_050	C8054A	5	5	0
mtNG_050	C8018A	5	5	0
mtNG_051	REF	258	258	0
mtNG_051	Other sequences	20	20	0
mtNG_052	REF	4111	4111	0
mtNG_052	Other sequences	229	229	0
mtNG_052	G8392A C8455T C8461T T8503C G8545A	211	211	0
mtNG_052	G8392A	54	54	0
mtNG_052	T8503C G8545A	35	35	0
mtNG_052	A8405G C8416T C8437T A8440G C8455T C8461T C8467T T8473C T8503C A8508G C8509T A8527G	34	34	0
mtNG_052	G8545A	27	27	0
mtNG_052	C8455T C8461T T8503C G8545A	24	24	0
mtNG_052	G8392A C8455T C8461T	14	14	0
mtNG_052	T8503C	10	10	0
mtNG_052	G8392A C8455T C8461T T8503C	9	9	0
mtNG_052	T8503C A8508G C8509T A8527G	5	5	0
mtNG_052	C8431A	5	5	0
mtNG_052	G8392A C8455T	5	5	0
mtNG_053	REF	201	201	0
mtNG_053	Other sequences	23	23	0
mtNG_054	A8860G	1657	1657	0
mtNG_054	Other sequences	122	122	0
mtNG_054	A8701G A8718G A8860G	59	59	0
mtNG_054	C8798A A8860G	5	5	0
mtNG_055	REF	1126	1126	0
mtNG_055	Other sequences	49	49	0
mtNG_055	G8995C	5	5	0
mtNG_056	A9150G	662	662	0
mtNG_056	Other sequences	71	71	0
mtNG_056	C9043T C9054T C9060A C9075T A9076G T9084C T9090A A9093G T9096C C9107T T9111C C9121T G9123A C9129T C9144T T9148C C9168T C9170T A9180G T9185C G9192A A9210G T9230C	32	32	0
mtNG_056	C9043T C9054T C9060A C9075T A9076G T9084C T9090A A9093G T9096C C9107T T9111C C9121T G9123A C9129T C9144T T9148C C9168T A9180G T9185C G9192A A9210G T9230C	32	32	0
mtNG_056	C9060A C9075T C9168T	9	9	0
mtNG_056	C9140A A9150G	5	5	0
mtNG_057	REF	550	550	0
mtNG_057	Other sequences	58	58	0
mtNG_057	A9254G T9325C G9329C	27	27	0
mtNG_057	A9254G	7	7	0
mtNG_057	T9230C A9263G A9284G G9287A C9293T C9297T G9305A T9311C C9318T C9320T T9325C G9329C C9332A T9337C A9357G A9359G A9377G G9380A C9383T C9391T A9392G	5	5	0
mtNG_058	REF	4179	4179	0
mtNG_058	A9434G C9527T T9530C T9540C A9545G G9548A	376	376	0
mtNG_058	Other sequences	316	316	0
mtNG_058	A9434G	204	204	0
mtNG_058	C9527T T9530C T9540C A9545G G9548A	204	204	0
mtNG_058	G9439A	12	12	0
mtNG_058	T9540C A9545G G9548A	9	9	0
mtNG_058	G9412A	8	8	0
mtNG_058	G9525T	7	7	0
mtNG_058	A9374T	6	6	0
mtNG_058	G9451T	6	6	0
mtNG_058	G9520T	6	6	0
mtNG_058	C9555T	6	6	0
mtNG_058	T9540C	6	6	0
mtNG_058	G9493T	5	5	0
mtNG_058	G9564T	5	5	0
mtNG_058	C9537DEL	5	5	0
mtNG_058	C9469A	5	5	0
mtNG_058	G9412A 9484.1T	5	5	0
mtNG_059	REF	1030	1030	0
mtNG_059	T9530C T9540C A9545G G9548A A9629G	112	112	0
mtNG_059	Other sequences	101	101	0
mtNG_059	T9530C T9540C A9545G G9548A	37	37	0
mtNG_059	A9629G	30	30	0
mtNG_060	REF	1899	1899	0
mtNG_060	Other sequences	120	120	0
mtNG_060	C9790A	5	5	0
mtNG_060	C9739A	5	5	0
mtNG_061	REF	325	325	0
mtNG_061	Other sequences	32	32	0
mtNG_062	REF	2295	2295	0
mtNG_062	Other sequences	187	187	0
mtNG_062	T10158C	7	7	0
mtNG_062	C10094A	7	7	0
mtNG_062	C10169T	5	5	0
mtNG_062	C10069A	5	5	0
mtNG_063	REF	381	381	0
mtNG_063	Other sequences	25	25	0
mtNG_064	REF	3207	3207	0
mtNG_064	Other sequences	160	160	0
mtNG_064	C10600A	9	9	0
mtNG_064	G10452A	8	8	0
mtNG_064	G10521T	7	7	0
mtNG_064	T10463C	7	7	0
mtNG_064	G10414T	5	5	0
mtNG_064	G10564A	5	5	0
mtNG_065	REF	119	119	0
mtNG_065	Other sequences	9	9	0
mtNG_066	REF	957	957	0
mtNG_066	Other sequences	81	81	0
mtNG_066	C10774T G10775A C10777T T10786C G10801A C10808T T10810C C10822T T10861C C10867T T10873C T10885C A10891G T10908A G10914A C10918T C10920T A10922T T10927C A10945G C10954T T10962G A10963G	43	43	0
mtNG_067	REF	882	882	0
mtNG_067	Other sequences	56	56	0
mtNG_067	A11038DEL	5	5	0
mtNG_068	REF	2924	2924	0
mtNG_068	Other sequences	177	177	0
mtNG_068	A11256G	18	18	0
mtNG_068	G11184A	10	10	0
mtNG_068	G11246A	9	9	0
mtNG_068	C11170A	8	8	0
mtNG_068	A11251G	7	7	0
mtNG_069	REF	356	356	0
mtNG_069	Other sequences	17	17	0
mtNG_070	REF	2372	2372	0
mtNG_070	Other sequences	191	191	0
mtNG_070	C11455T C11471T C11527T A11557G A11590G	169	169	0
mtNG_070	C11527T A11557G A11590G	36	36	0
mtNG_070	C11455T C11471T	30	30	0
mtNG_070	A11590G	26	26	0
mtNG_070	C11434T G11440C T11452C C11455T A11461G C11471T C11476T T11485C A11491G A11500C C11533T C11536T T11545C G11546A C11554T T11569C C11603T A11606G G11611A A11622G	25	25	0
mtNG_070	C11455T C11471T C11527T	19	19	0
mtNG_070	A11557G A11590G	11	11	0
mtNG_070	C11455T	9	9	0
mtNG_070	C11455T C11471T C11527T A11557G	8	8	0
mtNG_070	C11527T A11557G	8	8	0
mtNG_070	G11577T	8	8	0
mtNG_070	C11527T	5	5	0
mtNG_071	REF	413	413	0
mtNG_071	Other sequences	49	49	0
mtNG_072	REF	5911	5911	0
mtNG_072	Other sequences	313	313	0
mtNG_072	T11814C	61	61	0
mtNG_072	G11847T	16	16	0
mtNG_072	T11988C	15	15	0
mtNG_072	T11964C	13	13	0
mtNG_072	G11902T	8	8	0
mtNG_072	T11982A	8	8	0
mtNG_072	G11852A	8	8	0
mtNG_072	G11887A	6	6	0
mtNG_072	G11835C	6	6	0
mtNG_072	C11813A	6	6	0
mtNG_072	C11910T	5	5	0
mtNG_072	A11976G	5	5	0
mtNG_072	G11969A	5	5	0
mtNG_072	C11936A	5	5	0
mtNG_072	C11872DEL	5	5	0
mtNG_072	C11871A	5	5	0
mtNG_072	C11858A	5	5	0
mtNG_073	REF	792	792	0
mtNG_073	Other sequences	58	58	0
mtNG_073	G12007A A12013G C12018G C12064T C12088T T12091C C12115T T12136C	8	8	0
mtNG_074	REF	2647	2647	0
mtNG_074	Other sequences	168	168	0
mtNG_074	A12306C	5	5	0
mtNG_074	C12305A	5	5	0
mtNG_075	REF	267	267	0
mtNG_075	Other sequences	22	22	0
mtNG_076	REF	3068	3068	0
mtNG_076	Other sequences	144	144	0
mtNG_076	G12667A	10	10	0
mtNG_077	REF	270	270	0
mtNG_077	G12684A C12705T	72	72	0
mtNG_077	Other sequences	24	24	0
mtNG_078	REF	1943	1943	0
mtNG_078	Other sequences	119	119	0
mtNG_078	C12840T T12873C C12888T T12892C A12904C G12940A T12945C A12950G C12951T C12982T C13011T	18	18	0
mtNG_079	REF	387	387	0
mtNG_079	A13062G T13095C A13105G	119	119	0
mtNG_079	Other sequences	110	110	0
mtNG_079	C12982T C13011T T13020C C13023T A13062T A13105G T13111C A13140G G13145A A13164C	60	60	0
mtNG_079	A13105G T13111C A13140G G13145A A13164C	16	16	0
mtNG_079	A13062T A13105G T13111C A13140G G13145A A13164C	15	15	0
mtNG_079	T13095C A13105G	14	14	0
mtNG_079	C12982T C13011T T13020C C13023T	12	12	0
mtNG_079	A13140G G13145A A13164C	9	9	0
mtNG_079	C12982T C13011T T13020C C13023T A13062G T13095C A13105G	8	8	0
mtNG_079	A13062G	8	8	0
mtNG_079	C12982T C13011T T13020C C13023T A13062T A13105G T13111C A13140G G13145A	7	7	0
mtNG_079	A13164C	6	6	0
mtNG_079	C12982T C13011T T13020C C13023T A13062T A13105G T13111C	5	5	0
mtNG_079	C12982T C13011T T13020C C13023T A13062T	5	5	0
mtNG_079	C12982T	5	5	0
mtNG_079	A13062T	5	5	0
mtNG_079	A13062G T13095C A13105G A13140G G13145A A13164C	5	5	0
mtNG_079	C13035A	5	5	0
mtNG_080	REF	1947	1947	0
mtNG_080	Other sequences	126	126	0
mtNG_080	G13267A	13	13	0
mtNG_080	C13188A	8	8	0
mtNG_080	A13152G	5	5	0
mtNG_081	REF	786	786	0
mtNG_081	G13359A G13368A T13386C C13440T G13466A A13476G T13488C	131	131	0
mtNG_081	Other sequences	82	82	0
mtNG_081	G13359A G13368A T13386C	18	18	0
mtNG_081	C13440T G13466A A13476G T13488C	12	12	0
mtNG_081	G13466A A13476G T13488C	6	6	0
mtNG_082	REF	2972	2972	0
mtNG_082	Other sequences	177	177	0
mtNG_082	A13563G T13581C A13638G C13650A A13651G T13656C	10	10	0
mtNG_082	C13648A	9	9	0
mtNG_082	T13635C	7	7	0
mtNG_082	G13669A	5	5	0
mtNG_082	G13513A	5	5	0
mtNG_083	C13650A T13656A T13659C T13665C T13674C C13680T A13686G A13691G T13698C G13707A G13708A G13711A C13712T T13740C T13743C A13745G C13754T G13759A 13764.1A 13764.2T T13768DEL T13769DEL C13775T A13776G C13785A C13788T T13789C C13792T C13809A C13811G T13812C G13813A T13818C A13833G	568	568	0
mtNG_083	REF	298	298	0
mtNG_083	C13650A C13658A T13659C C13662T T13665C T13674C A13675T A13676G C13687T C13702T G13707A G13708A G13711A C13712T C13719T A13722T T13740C T13743C A13748G C13754T C13765A C13767T T13768C T13769C C13775T C13785A C13788T C13792G C13809A C13811G T13812C G13813A T13818C T13820C T13830C A13833T	216	216	0
mtNG_083	C13650A C13658A T13659C C13662T T13665C T13674C A13675T A13676G C13687T C13702T G13707A G13708A G13711A C13712T C13719T A13722T T13740C T13743C A13748G C13754T C13765A C13767T T13768C T13769C C13775T C13785A C13788T C13792G C13809A C13811G T13812C G13813A T13818C T13819C T13820C T13830C A13833T	173	173	0
mtNG_083	Other sequences	161	161	0
mtNG_083	C13650A A13651G T13656C T13674C G13707A G13708A G13711A C13712T C13725T A13731G T13740C T13743C A13748G T13753C C13754T G13759A C13765A T13768C T13769C C13775T A13776G C13785A C13788T C13792T C13809A C13811G T13812C T13820C	16	16	0
mtNG_083	T13740C T13743C A13745G C13754T G13759A 13764.1A 13764.2T T13768DEL T13769DEL C13775T A13776G C13785A C13788T T13789C C13792T C13809A C13811G T13812C G13813A T13818C A13833G	6	6	0
mtNG_083	C13650A T13656A T13659C T13665C T13674C C13680T A13686G A13691G T13698C G13707A G13708A G13711A C13712T T13740C T13743C A13745G C13754T G13759A 13764.1A 13764.2T T13768DEL T13769DEL C13775T A13776G C13785A C13788T T13789C C13792T C13809A C13811G T13812C G13813A T13818C T13820C T13830C A13833T	6	6	0
mtNG_083	C13650A C13658A T13659C C13662T T13665C T13674C A13675T A13676G C13687T C13702T G13707A G13708A G13711A C13712T C13719T A13722T T13740C T13743C A13745G C13754T G13759A 13764.1A 13764.2T T13768DEL T13769DEL C13775T A13776G C13785A C13788T T13789C C13792T C13809A C13811G T13812C G13813A T13818C A13833G	5	5	0
mtNG_083	C13650A T13656A T13659C T13665C T13674C C13680T A13686G A13691G T13698C G13707A G13708A G13711A C13712T	5	5	0
mtNG_084	REF	692	692	0
mtNG_084	Other sequences	46	46	0
mtNG_085	REF	260	260	0
mtNG_085	Other sequences	9	9	0
mtNG_086	REF	884	884	0
mtNG_086	Other sequences	107	107	0
mtNG_086	T14182C C14194T T14197C T14215C T14218C C14248A C14263T A14269G A14280G T14299C G14305A T14311C G14323A C14334T C14362T G14364A C14368T T14371C	55	55	0
mtNG_086	T14182C C14194T T14197C T14215C T14218C	11	11	0
mtNG_086	A14375G	8	8	0
mtNG_086	A14196DEL	5	5	0
mtNG_086	T14182C C14194T T14197C	5	5	0
mtNG_087	REF	201	201	0
mtNG_087	Other sequences	16	16	0
mtNG_088	REF	2309	2309	0
mtNG_088	Other sequences	132	132	0
mtNG_089	REF	660	660	0
mtNG_089	Other sequences	52	52	0
mtNG_090	REF	1733	1733	0
mtNG_090	Other sequences	96	96	0
mtNG_090	C14911A	5	5	0
mtNG_091	REF	827	827	0
mtNG_091	Other sequences	52	52	0
mtNG_092	A15326G	2744	2744	0
mtNG_092	Other sequences	161	161	0
mtNG_092	C15265A A15326G	11	11	0
mtNG_092	A15326G G15356T	9	9	0
mtNG_092	G15261T A15326G	7	7	0
mtNG_092	A15326G G15355T	6	6	0
mtNG_092	A15326G C15418A	6	6	0
mtNG_092	C15263T A15326G	5	5	0
mtNG_092	A15326G C15370A	5	5	0
mtNG_093	REF	465	465	0
mtNG_093	Other sequences	37	37	0
mtNG_094	REF	1457	1457	0
mtNG_094	Other sequences	109	109	0
mtNG_094	G15591A	9	9	0
mtNG_095	REF	603	603	0
mtNG_095	Other sequences	37	37	0
mtNG_096	REF	3207	3207	0
mtNG_096	Other sequences	163	163	0
mtNG_096	G16034A	24	24	0
mtNG_096	T15905C A15914G C15926T G15930A A15936G C15939T T15941C T15942C C15969A T15970C A15973G C15977T T15984C T16017C T16025A G16042A G16048A T16068C 16073.1C C16079T A16080G A16081G G16084A T16086C T16093A A16098G	15	15	0
mtNG_096	G15928A	7	7	0
mtNG_096	C15990A	5	5	0
mtNG_096	C15981A	5	5	0
mtNG_097	T16263C	166	166	0
mtNG_097	Other sequences	15	15	0
mtNG_098	T16263C	969	969	0
mtNG_098	C16218T A16230G T16249C 16258.1A C16264DEL G16274A C16278T A16284G T16288C C16290T A16293C C16301T T16311C C16355T T16356C T16368C G16390A A16399G	196	196	0
mtNG_098	Other sequences	127	127	0
mtNG_098	A16230G T16249C 16258.1A C16264DEL G16274A C16278T A16284G T16288C C16290T A16293C C16301T T16311C C16355T T16356C T16368C G16390A A16399G	6	6	0
mtNG_098	T16249C 16258.1A C16264DEL G16274A C16278T A16284G T16288C C16290T A16293C C16301T T16311C C16355T T16356C T16368C G16390A A16399G	6	6	0
mtNG_098	T16263C T16311C C16355T T16356C T16368C G16390A A16399G	5	5	0
mtNG_099	T16519C	363	363	0
mtNG_099	Other sequences	26	26	0
mtNG_099	T16368C G16390A A16399G C16444T G16496A T16519C	5	5	0
