marker	sequence	total	forward	reverse
mtNG_001	REF	299	299	0
mtNG_001	Other sequences	18	18	0
mtNG_002	A263G	1885	1885	0
mtNG_002	Other sequences	89	89	0
mtNG_002	C182T A263G	5	5	0
mtNG_003	A263G 309.1C 309.2C 315.1C	283	283	0
mtNG_003	Other sequences	81	81	0
mtNG_003	A263G 309.1C 315.1C	68	68	0
mtNG_003	A263G 309.1C 309.2C 309.3C 315.1C	12	12	0
mtNG_003	A263G 315.1C	5	5	0
mtNG_004	REF	851	851	0
mtNG_004	Other sequences	38	38	0
mtNG_005	498.1C	338	338	0
mtNG_005	Other sequences	92	92	0
mtNG_005	498.1C A567G	7	7	0
mtNG_005	498.1C A540G	5	5	0
mtNG_005	498.1C C569T	5	5	0
mtNG_005	495.1A	5	5	0
mtNG_006	A750G	2057	2057	0
mtNG_006	Other sequences	281	281	0
mtNG_006	C573T C575T A576G C592T A621C G625A C632T T634C C661G C708T T710DEL T711DEL A714T 715.1G 715.2G T721DEL C756T	114	114	0
mtNG_006	C573T C592T T596C A621C C632T A686G T710C T711C T721DEL A754G C756T	90	90	0
mtNG_006	C573T A576G C592T A621C G625A C632T T634C C661G T668DEL T669DEL C670DEL T671DEL C708T T710C T711C A714G T721DEL C756T	61	61	0
mtNG_006	A686G T710C T711C T721DEL A754G C756T	29	29	0
mtNG_006	C573T C592T T596C A621C C632T A750G	26	26	0
mtNG_006	C708T T710DEL T711DEL A714T 715.1G 715.2G T721DEL C756T	18	18	0
mtNG_006	T710C T711C T721DEL A754G C756T	12	12	0
mtNG_006	A621C C632T A686G T710C T711C T721DEL A754G C756T	11	11	0
mtNG_006	C573T C575T A576G C592T A621C G625A C632T T634C C661G A750G	10	10	0
mtNG_006	C573T C575T A576G C592T A750G	10	10	0
mtNG_006	C661G C708T T710DEL T711DEL A714T 715.1G 715.2G T721DEL C756T	10	10	0
mtNG_006	C573T C592T T596C A750G	9	9	0
mtNG_006	G657A A750G	8	8	0
mtNG_006	C573T C575T A576G C592T A621C G625A C632T T634C A750G	7	7	0
mtNG_006	C573T C575T A576G C592T A621C G625A C632T T634C C661G C708T T710DEL T711DEL A714T 715.1G 715.2G T721DEL A750G	6	6	0
mtNG_006	C661G T668DEL T669DEL C670DEL T671DEL C708T T710C T711C A714G T721DEL C756T	6	6	0
mtNG_006	A750T	6	6	0
mtNG_006	A754G C756T	6	6	0
mtNG_006	C573T C592T T596C A621C C632T A686G A750G	5	5	0
mtNG_006	A621C G625A C632T T634C C661G T668DEL T669DEL C670DEL T671DEL C708T T710C T711C A714G T721DEL C756T	5	5	0
mtNG_006	A686G T710C T711C T721DEL A750G	5	5	0
mtNG_006	C708T T710C T711C A714G T721DEL C756T	5	5	0
mtNG_006	A750G C759T	5	5	0
mtNG_006	C756T	5	5	0
mtNG_006	C692A A750G	5	5	0
mtNG_007	REF	162	162	0
mtNG_007	Other sequences	12	12	0
mtNG_008	REF	1236	1236	0
mtNG_008	Other sequences	126	126	0
mtNG_008	G930A G936A C956A C957T C958T T961DEL C964T C979T C984G C1009T G1018A C1038T A1039G T1040C C1052G G1057A C1106T C1120T	38	38	0
mtNG_008	G930A C956A C957T C958T T961DEL C964T C979T C1009T G1018A T1021G A1039G T1040C C1106T C1120T	23	23	0
mtNG_008	G930A C956A C957T C958T T961DEL C964T C979T C1009T G1018A A1039G T1040C C1106T C1120T	18	18	0
mtNG_008	C1106T C1120T	9	9	0
mtNG_008	C1120T	5	5	0
mtNG_008	G930A	5	5	0
mtNG_009	REF	517	517	0
mtNG_009	Other sequences	60	60	0
mtNG_009	C1106T C1120T	36	36	0
mtNG_009	T1284C A1292G	32	32	0
mtNG_009	T1267C T1284C T1291C A1292G	28	28	0
mtNG_009	C1106T C1120T T1284C A1292G	26	26	0
mtNG_009	C1106T C1120T T1267C T1284C T1291C A1292G	19	19	0
mtNG_009	C1106T	9	9	0
mtNG_009	C1120T	7	7	0
mtNG_010	A1438G	1567	1567	0
mtNG_010	Other sequences	161	161	0
mtNG_010	T1284C T1291C A1292G C1376T C1377T A1381G T1386C G1393A T1398G C1405T	47	47	0
mtNG_010	T1284C A1292G C1322T C1376T C1377T G1393A C1405T	34	34	0
mtNG_010	T1284C T1291C A1292G C1376T C1377T G1393A T1398G C1405T	32	32	0
mtNG_010	T1284C A1292G C1322T G1348C C1376T C1377T G1393A C1405T	21	21	0
mtNG_010	T1284C T1291C A1292G A1438G	17	17	0
mtNG_010	REF	11	11	0
mtNG_010	T1284C T1291C A1292G C1376T C1377T A1381G T1386C G1393A T1398G C1405T A1438G	6	6	0
mtNG_010	C1376T C1377T A1381G T1386C G1393A T1398G C1405T	5	5	0
mtNG_010	C1376T C1377T G1393A T1398G C1405T	5	5	0
mtNG_010	T1284C A1292G C1322T A1438G	5	5	0
mtNG_011	A1438G	571	571	0
mtNG_011	Other sequences	62	62	0
mtNG_011	T1520C C1556T	38	38	0
mtNG_011	T1451G A1536G C1556T	29	29	0
mtNG_011	G1476A C1518T	24	24	0
mtNG_011	REF	18	18	0
mtNG_011	G1476A C1518T G1554A	12	12	0
mtNG_011	A1438G T1520C C1556T	11	11	0
mtNG_011	T1451G	10	10	0
mtNG_011	A1438G A1536G C1556T	8	8	0
mtNG_011	T1520C	8	8	0
mtNG_011	A1438G C1556T	7	7	0
mtNG_012	REF	1982	1982	0
mtNG_012	Other sequences	166	166	0
mtNG_012	C1619T T1654C G1664A T1673C C1685T A1692G C1693T G1709A C1711T G1719A 1760.1T T1766DEL	41	41	0
mtNG_012	1760.1T T1766DEL	9	9	0
mtNG_012	T1654C G1664A T1673C C1685T A1692G C1693T G1709A C1711T G1719A 1760.1T T1766DEL	9	9	0
mtNG_012	C1619T T1654C G1664A T1673C C1685T A1692G C1693T G1709A C1711T G1719A	8	8	0
mtNG_012	C1579G C1619T T1654C G1664A T1673C C1685T A1692G C1693T G1709A C1711T G1719A 1760.1T T1766DEL	7	7	0
mtNG_012	C1619T	7	7	0
mtNG_012	G1644T	5	5	0
mtNG_012	C1707T	5	5	0
mtNG_012	C1721A	5	5	0
mtNG_012	C1707A	5	5	0
mtNG_013	REF	587	587	0
mtNG_013	Other sequences	41	41	0
mtNG_013	G1770A	5	5	0
mtNG_014	REF	1958	1958	0
mtNG_014	Other sequences	133	133	0
mtNG_014	G1987T	7	7	0
mtNG_014	T2010C	5	5	0
mtNG_015	REF	662	662	0
mtNG_015	Other sequences	89	89	0
mtNG_015	G2056A C2059T G2143A C2162T	45	45	0
mtNG_015	G2056A T2071C T2080C G2143A C2162T T2168C	37	37	0
mtNG_015	G2056A T2071C T2080C G2143A C2162T	30	30	0
mtNG_015	G2056A T2071C T2080C G2143A T2157C C2162T	25	25	0
mtNG_015	G2143A C2162T	14	14	0
mtNG_015	T2053C G2056A C2066T C2067T C2068A T2069DEL A2072T T2075C C2077T T2080C A2086G T2088DEL T2089DEL A2090DEL A2091DEL C2101T A2109G G2120A A2124C A2130G A2133T C2137T 2139.1T 2139.2C 2139.3T G2145DEL G2147DEL T2157C T2158A A2160T A2163C A2172T G2174A T2177C A2179C G2182A	11	11	0
mtNG_015	T2053C G2056A C2066T C2067T C2068A T2069DEL A2072T T2075G C2077T T2080C A2086G T2088DEL T2089DEL A2090DEL A2091DEL C2101T A2109G G2120A A2124C A2130G A2133T C2137T 2139.1T 2139.2C 2139.3T G2145DEL G2147DEL T2158A A2160T A2163C A2172T G2174A T2177C A2179C G2182A	9	9	0
mtNG_015	A2045G T2053C G2056A C2066T C2067T C2068A T2069DEL A2072T C2077T T2080C A2086G C2101T A2109G G2120A A2124C A2133C G2140C 2140.1C G2143C 2157.1A A2161C C2166DEL A2172T T2177C	5	5	0
mtNG_015	G2056A C2059T	5	5	0
mtNG_016	REF	2604	2604	0
mtNG_016	Other sequences	252	252	0
mtNG_016	G2143A C2162T T2168C A2213G C2219T A2220G C2221T T2222C C2224T T2242C C2257T A2258G C2280T A2294G	142	142	0
mtNG_016	G2143A C2162T C2221T T2222C A2223G C2224T T2244C A2251G C2257T C2262T C2280T C2284T	141	141	0
mtNG_016	C2221T T2222C A2223G C2224T T2244C A2251G C2257T C2262T C2280T C2284T	34	34	0
mtNG_016	G2143A C2162T	23	23	0
mtNG_016	G2143A C2162T T2168C	22	22	0
mtNG_016	G2143A	21	21	0
mtNG_016	A2213G C2219T A2220G C2221T T2222C C2224T T2242C C2257T A2258G C2280T A2294G	17	17	0
mtNG_016	C2162T C2221T T2222C A2223G C2224T T2244C A2251G C2257T C2262T C2280T C2284T	10	10	0
mtNG_016	G2143A C2162T T2168C A2213G C2219T A2220G C2221T T2222C C2224T T2242C C2257T A2258G C2280T	8	8	0
mtNG_016	T2242C C2257T A2258G C2280T A2294G	7	7	0
mtNG_016	C2162T	6	6	0
mtNG_016	G2182T	6	6	0
mtNG_016	G2289T	6	6	0
mtNG_016	C2234A	6	6	0
mtNG_016	G2143A C2162T C2221T T2222C A2223G C2224T T2244C A2251G C2257T C2262T	6	6	0
mtNG_016	C2280T A2294G	5	5	0
mtNG_016	A2294G	5	5	0
mtNG_016	G2143A C2162T C2221T T2222C A2223G C2224T	5	5	0
mtNG_017	REF	457	457	0
mtNG_017	Other sequences	35	35	0
mtNG_018	REF	126	126	0
mtNG_018	Other sequences	16	16	0
mtNG_019	A2706G	803	803	0
mtNG_019	Other sequences	78	78	0
mtNG_020	REF	3209	3209	0
mtNG_020	T2744C T2750C G2758A T2759C C2762T A2769G C2770T T2778C C2788T A2798G T2800G G2831C C2834T A2837G G2849A T2850C T2857C A2858G C2881T T2885C T2887C A2888G C2889T C2891T	265	265	0
mtNG_020	Other sequences	245	245	0
mtNG_020	G2831C C2834T A2837G G2849A T2850C T2857C A2858G C2881T T2885C T2887C A2888G C2889T C2891T	27	27	0
mtNG_020	T2744A T2746C T2747C T2750C G2751C C2756G T2759A C2761T C2762A T2763G A2765T C2766T A2767T C2772A A2773T C2774T G2776A T2778G C2779A C2780A A2784DEL T2786A C2789DEL A2790DEL C2793T G2796C T2800G A2802G A2803T 2803.1T 2803.2G 2803.3G 2803.4T A2805G C2818T C2829A G2831T C2834A C2835A C2836A A2838T 2847.1G G2849T 2850.1T 2850.2T C2852A T2854G G2855A A2859DEL T2863C T2864DEL C2868A G2876T G2878DEL A2879DEL A2883DEL A2888C 2888.1G A2893DEL T2903A C2911T	15	15	0
mtNG_020	T2744C T2750C G2758A T2759C C2762T A2769G C2770T T2778C C2788T A2798G T2800G G2831C C2834T A2837G G2849A T2850C T2857C A2858G	12	12	0
mtNG_020	T2744C T2750C G2758A T2759C C2762T A2769G C2770T T2778C C2788T A2798G T2800G	11	11	0
mtNG_020	A2798G T2800G G2831C C2834T A2837G G2849A T2850C T2857C A2858G C2881T T2885C T2887C A2888G C2889T C2891T	9	9	0
mtNG_020	C2881T T2885C T2887C A2888G C2889T C2891T	9	9	0
mtNG_020	T2744C T2750C G2758A T2759C C2762T A2769G C2770T T2778C	9	9	0
mtNG_020	G2849A T2850C T2857C A2858G C2881T T2885C T2887C A2888G C2889T C2891T	8	8	0
mtNG_020	T2744C T2750C G2758A T2759C C2762T A2769G C2770T T2778C C2788T	7	7	0
mtNG_020	C2821T	6	6	0
mtNG_020	G2917T	6	6	0
mtNG_020	C2788A	6	6	0
mtNG_020	C2756A	6	6	0
mtNG_020	T2744C T2750C G2758A T2759C C2762T A2769G C2770T	6	6	0
mtNG_020	C2852A	5	5	0
mtNG_020	G2844A	5	5	0
mtNG_020	C2840A	5	5	0
mtNG_021	N3107DEL	973	973	0
mtNG_021	Other sequences	62	62	0
mtNG_021	C3008A N3107DEL	7	7	0
mtNG_022	N3107DEL	1485	1485	0
mtNG_022	Other sequences	115	115	0
mtNG_022	N3107DEL C3295A	7	7	0
mtNG_022	N3107DEL G3255A	6	6	0
mtNG_022	N3107DEL G3244A	6	6	0
mtNG_022	N3107DEL C3247A	5	5	0
mtNG_023	REF	7	7	0
mtNG_023	Other sequences	1	1	0
mtNG_024	No data	0	0	0
mtNG_025	REF	570	570	0
mtNG_025	Other sequences	45	45	0
mtNG_026	REF	1687	1687	0
mtNG_026	Other sequences	136	136	0
mtNG_026	G3952T	6	6	0
mtNG_026	G3916A	6	6	0
mtNG_026	G3946T	5	5	0
mtNG_027	REF	606	606	0
mtNG_027	Other sequences	43	43	0
mtNG_027	G4048A A4104G	41	41	0
mtNG_027	A4104G	5	5	0
mtNG_027	G4048A	5	5	0
mtNG_028	REF	2546	2546	0
mtNG_028	C4312T C4318T	192	192	0
mtNG_028	Other sequences	176	176	0
mtNG_028	C4312T	7	7	0
mtNG_028	G4339T	6	6	0
mtNG_028	C4189A	6	6	0
mtNG_028	C4198A	5	5	0
mtNG_029	REF	30	30	0
mtNG_029	C4456T	27	27	0
mtNG_029	Other sequences	5	5	0
mtNG_030	G4580A T4639C	348	348	0
mtNG_030	Other sequences	35	35	0
mtNG_031	A4769G	255	255	0
mtNG_031	Other sequences	31	31	0
mtNG_031	T4736C A4769G T4856C C4904T C4914T	19	19	0
mtNG_031	A4769G T4856C C4904T C4914T	9	9	0
mtNG_031	T4736C A4769G T4856C	5	5	0
mtNG_032	REF	879	879	0
mtNG_032	Other sequences	86	86	0
mtNG_032	C4904T C4914T C4940T A4958G G4991A T5041C	62	62	0
mtNG_032	T5041C	7	7	0
mtNG_032	C4904T C4914T C4940T A4958G G4991A	6	6	0
mtNG_033	REF	410	410	0
mtNG_033	Other sequences	38	38	0
mtNG_033	G5147A	34	34	0
mtNG_034	REF	1497	1497	0
mtNG_034	Other sequences	145	145	0
mtNG_034	C5320T A5351G C5387T	45	45	0
mtNG_035	REF	339	339	0
mtNG_035	Other sequences	24	24	0
mtNG_035	T5426C G5471A A5474G A5498G T5580C	9	9	0
mtNG_036	REF	3332	3332	0
mtNG_036	T5580C	305	305	0
mtNG_036	Other sequences	251	251	0
mtNG_036	A5752DEL	11	11	0
mtNG_036	C5737A	9	9	0
mtNG_036	G5738T G5744T	8	8	0
mtNG_036	G5756T	7	7	0
mtNG_036	C5606A	7	7	0
mtNG_036	G5590T	6	6	0
mtNG_036	C5622T	6	6	0
mtNG_036	C5735T	6	6	0
mtNG_036	C5766T	6	6	0
mtNG_036	C5699A	6	6	0
mtNG_036	C5583T	5	5	0
mtNG_036	C5706T	5	5	0
mtNG_036	C5755A	5	5	0
mtNG_036	G5741A	5	5	0
mtNG_036	C5706A	5	5	0
mtNG_036	C5663A	5	5	0
mtNG_036	C5653A	5	5	0
mtNG_036	G5610A	5	5	0
mtNG_036	C5602A	5	5	0
mtNG_037	REF	319	319	0
mtNG_037	Other sequences	38	38	0
mtNG_037	G5821A C5840T	22	22	0
mtNG_038	REF	1269	1269	0
mtNG_038	G6023A	139	139	0
mtNG_038	Other sequences	106	106	0
mtNG_038	G5970T	7	7	0
mtNG_039	REF	1086	1086	0
mtNG_039	Other sequences	100	100	0
mtNG_039	T6221C C6242T A6266C A6299G	78	78	0
mtNG_039	A6299G	14	14	0
mtNG_040	REF	474	474	0
mtNG_040	Other sequences	62	62	0
mtNG_040	A6299G G6366A G6383A C6410T C6452T C6483T	15	15	0
mtNG_041	REF	706	706	0
mtNG_041	Other sequences	92	92	0
mtNG_041	C6452T C6483T T6512C C6542T C6569A T6641C	44	44	0
mtNG_041	T6641C	16	16	0
mtNG_041	C6452T C6483T T6512C C6542T C6569A	10	10	0
mtNG_042	REF	1261	1261	0
mtNG_042	T6641C	107	107	0
mtNG_042	Other sequences	83	83	0
mtNG_042	C6688A	7	7	0
mtNG_042	G6718T	5	5	0
mtNG_043	T6908C	623	623	0
mtNG_043	Other sequences	80	80	0
mtNG_043	C6935T C6938T	39	39	0
mtNG_043	REF	7	7	0
mtNG_044	C7028T	2135	2135	0
mtNG_044	Other sequences	126	126	0
mtNG_044	C7028T C7105A	5	5	0
mtNG_044	C7028T C7029A	5	5	0
mtNG_044	T6956C C7028T	5	5	0
mtNG_044	G6955A C7028T	5	5	0
mtNG_045	REF	526	526	0
mtNG_045	Other sequences	54	54	0
mtNG_045	C7133T C7145T A7146G T7169C C7196T C7205T G7211A C7256T T7286C	51	51	0
mtNG_045	C7133T C7145T A7146G	5	5	0
mtNG_046	REF	947	947	0
mtNG_046	Other sequences	104	104	0
mtNG_046	G7316A	36	36	0
mtNG_046	A7299G A7325G A7364G A7473G	27	27	0
mtNG_046	A7473G	16	16	0
mtNG_046	A7299G A7325G A7364G	7	7	0
mtNG_046	A7299G	7	7	0
mtNG_046	C7409A	7	7	0
mtNG_047	REF	627	627	0
mtNG_047	Other sequences	62	62	0
mtNG_047	G7521A C7650T	7	7	0
mtNG_048	REF	1558	1558	0
mtNG_048	Other sequences	107	107	0
mtNG_048	T7705C C7810T	9	9	0
mtNG_048	G7697T	5	5	0
mtNG_049	REF	366	366	0
mtNG_049	Other sequences	30	30	0
mtNG_049	C7868T C7891T G7912A	9	9	0
mtNG_050	REF	3291	3291	0
mtNG_050	Other sequences	250	250	0
mtNG_050	A8021G G8065A C8140T G8152A T8167C A8196DEL C8197DEL	36	36	0
mtNG_050	T8174C	16	16	0
mtNG_050	A8021G G8065A	14	14	0
mtNG_050	A8021G	12	12	0
mtNG_050	C8140T G8152A T8167C A8196DEL C8197DEL	11	11	0
mtNG_050	G8148T	7	7	0
mtNG_050	C8018T	6	6	0
mtNG_050	A8021G G8065A C8140T G8152A T8167C	5	5	0
mtNG_050	G8102T	5	5	0
mtNG_050	C8140A	5	5	0
mtNG_050	C8113A	5	5	0
mtNG_050	C8076A	5	5	0
mtNG_051	REF	329	329	0
mtNG_051	Other sequences	31	31	0
mtNG_051	A8198DEL G8199DEL C8203T	7	7	0
mtNG_052	REF	2905	2905	0
mtNG_052	Other sequences	189	189	0
mtNG_052	G8392A C8455T C8461T T8503C G8545A	166	166	0
mtNG_052	G8392A	45	45	0
mtNG_052	T8503C G8545A	34	34	0
mtNG_052	C8455T C8461T T8503C G8545A	30	30	0
mtNG_052	G8545A	21	21	0
mtNG_052	G8392A C8455T C8461T	18	18	0
mtNG_052	A8405G C8416T C8437T A8440G C8455T C8461T C8467T T8473C T8503C A8508G C8509T A8527G	16	16	0
mtNG_052	G8392A C8455T C8461T T8503C	10	10	0
mtNG_052	C8455T C8461T	8	8	0
mtNG_052	T8503C A8508G C8509T A8527G	8	8	0
mtNG_052	A8493T	6	6	0
mtNG_052	C8514A	6	6	0
mtNG_052	C8398A	6	6	0
mtNG_052	C8461A	5	5	0
mtNG_053	REF	261	261	0
mtNG_053	Other sequences	23	23	0
mtNG_053	G8545A C8655T A8677C A8701G	6	6	0
mtNG_054	A8860G A8869G	1108	1108	0
mtNG_054	Other sequences	102	102	0
mtNG_054	A8701G A8718G A8860G	31	31	0
mtNG_054	A8860G	14	14	0
mtNG_054	A8701G A8718G A8860G A8869G	7	7	0
mtNG_054	C8734A A8860G A8869G	7	7	0
mtNG_055	REF	15	15	0
mtNG_055	Other sequences	1	1	0
mtNG_056	REF	420	420	0
mtNG_056	Other sequences	42	42	0
mtNG_056	C9043T C9054T C9060A C9075T A9076G T9084C T9090A A9093G T9096C C9107T T9111C C9121T G9123A C9129T C9144T T9148C C9168T A9180G T9185C G9192A A9210G T9230C	15	15	0
mtNG_056	C9043T C9054T C9060A C9075T A9076G T9084C T9090A A9093G T9096C C9107T T9111C C9121T G9123A C9129T C9144T T9148C C9168T C9170T A9180G T9185C G9192A A9210G T9230C	14	14	0
mtNG_056	C9060A C9075T C9168T	6	6	0
mtNG_057	REF	548	548	0
mtNG_057	Other sequences	56	56	0
mtNG_057	A9254G T9325C G9329C	29	29	0
mtNG_057	T9325C G9329C	10	10	0
mtNG_057	T9230C A9263G A9284G G9287A C9293T C9297T G9305A T9311C C9318T C9320T T9325C G9329C C9332A T9337C A9357G A9359G A9377G G9380A C9383T C9391T A9392G	6	6	0
mtNG_058	REF	2211	2211	0
mtNG_058	Other sequences	229	229	0
mtNG_058	A9434G C9527T T9530C T9540C A9545G G9548A	138	138	0
mtNG_058	C9527T T9530C T9540C A9545G G9548A	90	90	0
mtNG_058	A9434G	83	83	0
mtNG_058	C9488A	6	6	0
mtNG_058	T9484DEL	6	6	0
mtNG_058	G9412A	6	6	0
mtNG_058	A9434G C9527T T9530C	5	5	0
mtNG_058	C9557T	5	5	0
mtNG_058	C9556A	5	5	0
mtNG_058	C9513A	5	5	0
mtNG_058	C9414A	5	5	0
mtNG_059	REF	1046	1046	0
mtNG_059	Other sequences	114	114	0
mtNG_059	T9530C T9540C A9545G G9548A A9629G	108	108	0
mtNG_059	T9530C T9540C A9545G G9548A	31	31	0
mtNG_059	A9629G	29	29	0
mtNG_059	G9544A	5	5	0
mtNG_060	REF	1254	1254	0
mtNG_060	Other sequences	95	95	0
mtNG_060	G9746T	5	5	0
mtNG_060	C9785T	5	5	0
mtNG_061	REF	399	399	0
mtNG_061	Other sequences	25	25	0
mtNG_062	REF	1494	1494	0
mtNG_062	Other sequences	112	112	0
mtNG_062	T10096C	8	8	0
mtNG_062	C10214A	5	5	0
mtNG_063	REF	446	446	0
mtNG_063	Other sequences	50	50	0
mtNG_064	REF	2413	2413	0
mtNG_064	Other sequences	147	147	0
mtNG_064	T10609A	6	6	0
mtNG_064	C10474A	6	6	0
mtNG_064	G10431T	5	5	0
mtNG_064	C10478T	5	5	0
mtNG_065	A10771G	212	212	0
mtNG_065	Other sequences	20	20	0
mtNG_066	A10771G	791	791	0
mtNG_066	Other sequences	80	80	0
mtNG_066	C10774T G10775A C10777T T10786C G10801A C10808T T10810C C10822T T10861C C10867T T10873C T10885C A10891G T10908A G10914A C10918T C10920T A10922T T10927C A10945G C10954T T10962G A10963G	21	21	0
mtNG_067	REF	925	925	0
mtNG_067	Other sequences	86	86	0
mtNG_067	C11122A	5	5	0
mtNG_068	REF	1778	1778	0
mtNG_068	Other sequences	125	125	0
mtNG_068	C11240T	5	5	0
mtNG_068	C11135A	5	5	0
mtNG_069	REF	426	426	0
mtNG_069	Other sequences	31	31	0
mtNG_070	REF	1834	1834	0
mtNG_070	Other sequences	145	145	0
mtNG_070	C11455T C11471T C11527T A11557G A11590G	80	80	0
mtNG_070	C11455T C11471T	21	21	0
mtNG_070	C11527T A11557G A11590G	15	15	0
mtNG_070	A11590G	9	9	0
mtNG_070	C11455T C11471T C11527T A11557G	7	7	0
mtNG_070	C11455T C11471T C11527T	7	7	0
mtNG_070	A11557G A11590G	7	7	0
mtNG_070	C11434T G11440C T11452C C11455T A11461G C11471T C11476T T11485C A11491G A11500C C11533T C11536T T11545C G11546A C11554T T11569C C11603T A11606G G11611A A11622G	6	6	0
mtNG_070	C11471T C11527T A11557G A11590G	6	6	0
mtNG_070	G11611A	5	5	0
mtNG_071	REF	420	420	0
mtNG_071	Other sequences	44	44	0
mtNG_071	A11606G G11611A A11622G C11632T G11648A C11659T C11710T G11719A A11731C C11735T A11764G C11767A T11770C T11776C C11788T	5	5	0
mtNG_072	REF	3687	3687	0
mtNG_072	Other sequences	235	235	0
mtNG_072	C11896A	19	19	0
mtNG_072	C11953A	11	11	0
mtNG_072	G11889T	8	8	0
mtNG_072	C11967T	8	8	0
mtNG_072	C11804DEL A11805DEL	8	8	0
mtNG_072	G11914A	6	6	0
mtNG_072	G11914T	5	5	0
mtNG_072	C11870A	5	5	0
mtNG_073	REF	820	820	0
mtNG_073	Other sequences	67	67	0
mtNG_073	G12007A A12013G C12018G C12064T C12088T T12091C C12115T T12136C	10	10	0
mtNG_074	REF	1568	1568	0
mtNG_074	Other sequences	117	117	0
mtNG_074	G12186T	5	5	0
mtNG_075	REF	290	290	0
mtNG_075	Other sequences	35	35	0
mtNG_075	12425.1A	5	5	0
mtNG_076	REF	2060	2060	0
mtNG_076	Other sequences	113	113	0
mtNG_076	C12645A	7	7	0
mtNG_077	REF	301	301	0
mtNG_077	Other sequences	30	30	0
mtNG_077	G12684A C12705T	16	16	0
mtNG_078	REF	1149	1149	0
mtNG_078	Other sequences	108	108	0
mtNG_078	C12840T T12873C C12888T T12892C A12904C G12940A T12945C A12950G C12951T C12982T C13011T	12	12	0
mtNG_078	G12889T	6	6	0
mtNG_078	G12991T	6	6	0
mtNG_078	C12840T	5	5	0
mtNG_078	C12882T	5	5	0
mtNG_078	C12918T	5	5	0
mtNG_079	REF	480	480	0
mtNG_079	Other sequences	120	120	0
mtNG_079	C12982T C13011T T13020C C13023T A13062T A13105G T13111C A13140G G13145A A13164C	52	52	0
mtNG_079	A13062G T13095C A13105G	18	18	0
mtNG_079	A13062T A13105G T13111C A13140G G13145A A13164C	12	12	0
mtNG_079	C12982T C13011T T13020C C13023T	11	11	0
mtNG_079	A13105G T13111C A13140G G13145A A13164C	8	8	0
mtNG_079	C12982T	6	6	0
mtNG_079	C12982T C13011T T13020C C13023T A13062T	5	5	0
mtNG_079	A13062G	5	5	0
mtNG_079	T13095C A13105G	5	5	0
mtNG_080	REF	1318	1318	0
mtNG_080	Other sequences	105	105	0
mtNG_081	REF	828	828	0
mtNG_081	G13359A G13368A T13386C C13440T G13466A A13476G T13488C	82	82	0
mtNG_081	Other sequences	69	69	0
mtNG_081	G13359A G13368A T13386C	13	13	0
mtNG_081	C13440T G13466A A13476G T13488C	9	9	0
mtNG_082	REF	1870	1870	0
mtNG_082	Other sequences	124	124	0
mtNG_082	G13643T	5	5	0
mtNG_082	C13625A	5	5	0
mtNG_082	C13530A	5	5	0
mtNG_083	C13650A T13656A T13659C T13665C T13674C C13680T A13686G A13691G T13698C G13707A G13708A G13711A C13712T T13740C T13743C A13745G C13754T G13759A 13764.1A 13764.2T T13768DEL T13769DEL C13775T A13776G C13785A C13788T T13789C C13792T C13809A C13811G T13812C G13813A T13818C A13833G	349	349	0
mtNG_083	REF	283	283	0
mtNG_083	Other sequences	118	118	0
mtNG_083	C13650A C13658A T13659C C13662T T13665C T13674C A13675T A13676G C13687T C13702T G13707A G13708A G13711A C13712T C13719T A13722T T13740C T13743C A13748G C13754T C13765A C13767T T13768C T13769C C13775T C13785A C13788T C13792G C13809A C13811G T13812C G13813A T13818C T13820C T13830C A13833T	113	113	0
mtNG_083	C13650A C13658A T13659C C13662T T13665C T13674C A13675T A13676G C13687T C13702T G13707A G13708A G13711A C13712T C13719T A13722T T13740C T13743C A13748G C13754T C13765A C13767T T13768C T13769C C13775T C13785A C13788T C13792G C13809A C13811G T13812C G13813A T13818C T13819C T13820C T13830C A13833T	90	90	0
mtNG_083	C13650A A13651G T13656C T13674C G13707A G13708A G13711A C13712T C13725T A13731G T13740C T13743C A13748G T13753C C13754T G13759A C13765A T13768C T13769C C13775T A13776G C13785A C13788T C13792T C13809A C13811G T13812C T13820C	18	18	0
mtNG_083	C13650A C13658A T13659C C13662T T13665C T13674C A13675T A13676G C13687T C13702T G13707A G13708A G13711A C13712T C13719T A13722T T13740C T13743C A13748G C13754T C13765A C13767T T13768C C13775T C13785A C13788T C13792G C13809A C13811G T13812C G13813A T13818C T13820C T13830C A13833T	5	5	0
mtNG_084	REF	530	530	0
mtNG_084	Other sequences	43	43	0
mtNG_085	REF	286	286	0
mtNG_085	Other sequences	23	23	0
mtNG_086	REF	563	563	0
mtNG_086	Other sequences	80	80	0
mtNG_086	T14182C C14194T T14197C T14215C T14218C C14248A C14263T A14269G A14280G T14299C G14305A T14311C G14323A C14334T C14362T G14364A C14368T T14371C	16	16	0
mtNG_086	A14375G	5	5	0
mtNG_087	REF	292	292	0
mtNG_087	Other sequences	30	30	0
mtNG_088	REF	1429	1429	0
mtNG_088	Other sequences	99	99	0
mtNG_089	REF	738	738	0
mtNG_089	Other sequences	79	79	0
mtNG_090	REF	1072	1072	0
mtNG_090	Other sequences	81	81	0
mtNG_090	G14976A	6	6	0
mtNG_090	C14974G	5	5	0
mtNG_090	G15048T	5	5	0
mtNG_091	REF	926	926	0
mtNG_091	Other sequences	102	102	0
mtNG_092	A15326G	1921	1921	0
mtNG_092	Other sequences	127	127	0
mtNG_092	A15326G C15410A	7	7	0
mtNG_093	REF	610	610	0
mtNG_093	Other sequences	47	47	0
mtNG_094	REF	960	960	0
mtNG_094	Other sequences	64	64	0
mtNG_094	C15659A	5	5	0
mtNG_095	C15904T	660	660	0
mtNG_095	Other sequences	54	54	0
mtNG_096	C15904T	606	606	0
mtNG_096	Other sequences	62	62	0
mtNG_097	C16111T	621	621	0
mtNG_097	Other sequences	50	50	0
mtNG_098	T16298C G16390A	2442	2442	0
mtNG_098	Other sequences	181	181	0
mtNG_098	G16390A	9	9	0
mtNG_098	T16298C C16378A G16390A	5	5	0
mtNG_099	G16390A T16519C	418	418	0
mtNG_099	Other sequences	54	54	0
