marker	sequence	total	forward	reverse
mtNG_001	A73G T152C	288	288	0
mtNG_001	Other sequences	12	12	0
mtNG_002	T152C A263G	1781	1781	0
mtNG_002	Other sequences	77	77	0
mtNG_002	T152C A189G A263G	7	7	0
mtNG_002	T152C T246C A263G	7	7	0
mtNG_002	T152C A214G A263G	5	5	0
mtNG_003	A263G 315.1C C338T	326	326	0
mtNG_003	Other sequences	32	32	0
mtNG_003	A263G 309.1C 315.1C C338T	7	7	0
mtNG_004	REF	193	193	0
mtNG_004	Other sequences	6	6	0
mtNG_005	A523DEL C524DEL	232	232	0
mtNG_005	Other sequences	36	36	0
mtNG_005	A523DEL C524DEL A540G	6	6	0
mtNG_006	A750G	2126	2126	0
mtNG_006	Other sequences	134	134	0
mtNG_006	G627T A750G	6	6	0
mtNG_006	C694A A750G	6	6	0
mtNG_006	C725A A750G	5	5	0
mtNG_006	C660A A750G	5	5	0
mtNG_007	REF	105	105	0
mtNG_007	Other sequences	9	9	0
mtNG_008	REF	1354	1354	0
mtNG_008	Other sequences	81	81	0
mtNG_008	G1031A	8	8	0
mtNG_008	G1072T	5	5	0
mtNG_009	REF	319	319	0
mtNG_009	Other sequences	15	15	0
mtNG_010	A1438G	1732	1732	0
mtNG_010	Other sequences	63	63	0
mtNG_010	C1394A A1438G	5	5	0
mtNG_011	A1438G	232	232	0
mtNG_011	Other sequences	19	19	0
mtNG_012	G1598A C1703T G1719A	1945	1945	0
mtNG_012	Other sequences	100	100	0
mtNG_013	REF	127	127	0
mtNG_013	Other sequences	3	3	0
mtNG_014	REF	1616	1616	0
mtNG_014	Other sequences	72	72	0
mtNG_015	REF	328	328	0
mtNG_015	Other sequences	22	22	0
mtNG_016	REF	2686	2686	0
mtNG_016	Other sequences	110	110	0
mtNG_017	REF	259	259	0
mtNG_017	Other sequences	15	15	0
mtNG_018	REF	67	67	0
mtNG_018	Other sequences	2	2	0
mtNG_019	C2639T A2706G	408	408	0
mtNG_019	Other sequences	25	25	0
mtNG_020	REF	3129	3129	0
mtNG_020	Other sequences	127	127	0
mtNG_020	T2744A T2746C T2747C T2750C G2751C C2756G T2759A C2761T C2762A T2763G A2765T C2766T A2767T C2772A A2773T C2774T G2776A T2778G C2779A C2780A A2784DEL T2786A C2789DEL A2790DEL C2793T G2796C T2800G A2802G A2803T 2803.1T 2803.2G 2803.3G 2803.4T A2805G C2818T C2829A G2831T C2834A C2835A C2836A A2838T 2847.1G G2849T 2850.1T 2850.2T C2852A T2854G G2855A A2859DEL T2863C T2864DEL C2868A G2876T G2878DEL A2879DEL A2883DEL A2888C 2888.1G A2893DEL T2903A C2911T	32	32	0
mtNG_020	A2769G	7	7	0
mtNG_020	T2908C	7	7	0
mtNG_020	G2831T	6	6	0
mtNG_021	N3107DEL	601	601	0
mtNG_021	Other sequences	28	28	0
mtNG_022	N3107DEL	1497	1497	0
mtNG_022	Other sequences	86	86	0
mtNG_023	REF	6	6	0
mtNG_024	Other sequences	3	3	0
mtNG_025	REF	339	339	0
mtNG_025	Other sequences	18	18	0
mtNG_026	C3921A	1602	1602	0
mtNG_026	Other sequences	81	81	0
mtNG_027	REF	289	289	0
mtNG_027	Other sequences	11	11	0
mtNG_028	REF	2402	2402	0
mtNG_028	Other sequences	124	124	0
mtNG_028	C4329A	5	5	0
mtNG_029	REF	592	592	0
mtNG_029	Other sequences	50	50	0
mtNG_030	REF	398	398	0
mtNG_030	Other sequences	19	19	0
mtNG_031	A4769G	175	175	0
mtNG_031	Other sequences	11	11	0
mtNG_032	C4960T	881	881	0
mtNG_032	Other sequences	52	52	0
mtNG_033	REF	204	204	0
mtNG_033	Other sequences	13	13	0
mtNG_034	REF	1885	1885	0
mtNG_034	Other sequences	112	112	0
mtNG_034	C5294A	5	5	0
mtNG_034	G5271A	5	5	0
mtNG_035	G5471A	203	203	0
mtNG_035	Other sequences	7	7	0
mtNG_036	REF	3554	3554	0
mtNG_036	Other sequences	186	186	0
mtNG_036	T5580C	8	8	0
mtNG_036	C5603A	7	7	0
mtNG_036	C5633A	5	5	0
mtNG_037	REF	166	166	0
mtNG_037	Other sequences	15	15	0
mtNG_038	REF	1508	1508	0
mtNG_038	Other sequences	69	69	0
mtNG_038	C5936A	5	5	0
mtNG_039	REF	647	647	0
mtNG_039	Other sequences	41	41	0
mtNG_039	C6283T	5	5	0
mtNG_040	REF	519	519	0
mtNG_040	Other sequences	31	31	0
mtNG_040	G6480A	6	6	0
mtNG_041	REF	416	416	0
mtNG_041	Other sequences	25	25	0
mtNG_042	REF	1238	1238	0
mtNG_042	Other sequences	53	53	0
mtNG_042	A6698DEL	6	6	0
mtNG_043	REF	343	343	0
mtNG_043	Other sequences	29	29	0
mtNG_044	C7028T	2629	2629	0
mtNG_044	Other sequences	170	170	0
mtNG_044	C7028T A7113G	5	5	0
mtNG_045	REF	246	246	0
mtNG_045	Other sequences	12	12	0
mtNG_046	REF	1109	1109	0
mtNG_046	Other sequences	79	79	0
mtNG_047	REF	271	271	0
mtNG_047	Other sequences	20	20	0
mtNG_048	REF	1614	1614	0
mtNG_048	Other sequences	79	79	0
mtNG_048	G7702A	6	6	0
mtNG_049	REF	193	193	0
mtNG_049	Other sequences	20	20	0
mtNG_050	REF	3738	3738	0
mtNG_050	Other sequences	192	192	0
mtNG_050	G8114T	16	16	0
mtNG_050	C8137T	11	11	0
mtNG_050	T8079C	9	9	0
mtNG_050	G8184A	7	7	0
mtNG_050	C8028T	6	6	0
mtNG_050	G8114A	5	5	0
mtNG_051	G8251A	160	160	0
mtNG_051	Other sequences	5	5	0
mtNG_052	C8472T	2469	2469	0
mtNG_052	Other sequences	147	147	0
mtNG_053	REF	134	134	0
mtNG_053	Other sequences	8	8	0
mtNG_054	A8836G A8860G	1051	1051	0
mtNG_054	Other sequences	64	64	0
mtNG_055	REF	676	676	0
mtNG_055	Other sequences	31	31	0
mtNG_056	REF	419	419	0
mtNG_056	Other sequences	21	21	0
mtNG_057	C9335T	326	326	0
mtNG_057	Other sequences	16	16	0
mtNG_058	REF	3228	3228	0
mtNG_058	Other sequences	211	211	0
mtNG_058	T9483C	11	11	0
mtNG_058	G9554A	9	9	0
mtNG_058	G9445A	6	6	0
mtNG_058	A9434G C9527T T9530C T9540C A9545G G9548A	5	5	0
mtNG_058	C9449T	5	5	0
mtNG_058	C9532T	5	5	0
mtNG_058	G9546T	5	5	0
mtNG_058	T9540A	5	5	0
mtNG_059	REF	626	626	0
mtNG_059	Other sequences	33	33	0
mtNG_060	REF	1088	1088	0
mtNG_060	Other sequences	54	54	0
mtNG_061	REF	209	209	0
mtNG_061	Other sequences	10	10	0
mtNG_062	T10238C	1900	1900	0
mtNG_062	Other sequences	112	112	0
mtNG_062	C10196A T10238C	5	5	0
mtNG_062	G10143A T10238C	5	5	0
mtNG_063	T10238C A10398G	281	281	0
mtNG_063	Other sequences	25	25	0
mtNG_064	REF	70	70	0
mtNG_064	Other sequences	7	7	0
mtNG_065	REF	72	72	0
mtNG_065	Other sequences	2	2	0
mtNG_066	REF	577	577	0
mtNG_066	Other sequences	40	40	0
mtNG_066	10952.1C	5	5	0
mtNG_067	REF	534	534	0
mtNG_067	Other sequences	26	26	0
mtNG_067	A11038DEL	9	9	0
mtNG_068	REF	1598	1598	0
mtNG_068	Other sequences	85	85	0
mtNG_068	T11244C	15	15	0
mtNG_069	A11362G	217	217	0
mtNG_069	Other sequences	12	12	0
mtNG_070	REF	1886	1886	0
mtNG_070	Other sequences	104	104	0
mtNG_071	G11719A	257	257	0
mtNG_071	Other sequences	10	10	0
mtNG_072	REF	3894	3894	0
mtNG_072	Other sequences	166	166	0
mtNG_072	C11872DEL	12	12	0
mtNG_072	C11983A	10	10	0
mtNG_072	G11914T	7	7	0
mtNG_072	C11813A	6	6	0
mtNG_072	G11887T	5	5	0
mtNG_073	REF	518	518	0
mtNG_073	Other sequences	35	35	0
mtNG_074	REF	1757	1757	0
mtNG_074	Other sequences	81	81	0
mtNG_074	C12218A	6	6	0
mtNG_075	G12501A	124	124	0
mtNG_075	Other sequences	10	10	0
mtNG_076	REF	98	98	0
mtNG_076	Other sequences	2	2	0
mtNG_077	C12705T A12822G	143	143	0
mtNG_077	Other sequences	12	12	0
mtNG_078	REF	279	279	0
mtNG_078	Other sequences	13	13	0
mtNG_079	REF	362	362	0
mtNG_079	Other sequences	26	26	0
mtNG_080	A13269G	1224	1224	0
mtNG_080	Other sequences	74	74	0
mtNG_081	REF	481	481	0
mtNG_081	Other sequences	23	23	0
mtNG_082	REF	1885	1885	0
mtNG_082	Other sequences	75	75	0
mtNG_082	T13608C	8	8	0
mtNG_082	C13503A	5	5	0
mtNG_083	REF	218	218	0
mtNG_083	Other sequences	17	17	0
mtNG_084	REF	443	443	0
mtNG_084	Other sequences	31	31	0
mtNG_085	REF	152	152	0
mtNG_085	Other sequences	10	10	0
mtNG_086	REF	576	576	0
mtNG_086	Other sequences	54	54	0
mtNG_086	C14360A	6	6	0
mtNG_087	REF	161	161	0
mtNG_087	Other sequences	15	15	0
mtNG_088	REF	900	900	0
mtNG_088	Other sequences	65	65	0
mtNG_089	C14766T	356	356	0
mtNG_089	Other sequences	27	27	0
mtNG_090	REF	1209	1209	0
mtNG_090	Other sequences	71	71	0
mtNG_090	C14932A	6	6	0
mtNG_091	REF	501	501	0
mtNG_091	Other sequences	33	33	0
mtNG_092	A15326G	2045	2045	0
mtNG_092	Other sequences	87	87	0
mtNG_092	A15326G C15432A	7	7	0
mtNG_092	A15326G A15333T	5	5	0
mtNG_092	A15326G T15378C	5	5	0
mtNG_093	REF	282	282	0
mtNG_093	Other sequences	17	17	0
mtNG_094	REF	1076	1076	0
mtNG_094	Other sequences	45	45	0
mtNG_095	REF	379	379	0
mtNG_095	Other sequences	15	15	0
mtNG_096	REF	1957	1957	0
mtNG_096	Other sequences	84	84	0
mtNG_097	G16145A C16176G T16189C 16193.1C C16223T	13	13	0
mtNG_097	G16145A C16176G T16189C 16193.1C 16193.2C C16223T	11	11	0
mtNG_097	G16145A C16176G T16189C C16223T	11	11	0
mtNG_097	Other sequences	5	5	0
mtNG_098	C16223T G16390A	974	974	0
mtNG_098	Other sequences	70	70	0
mtNG_098	C16223T G16274T G16390A	7	7	0
mtNG_098	C16223T C16377A G16390A	7	7	0
mtNG_098	C16218T A16230G T16249C 16258.1A C16264DEL G16274A C16278T A16284G T16288C C16290T A16293C C16301T T16311C C16355T T16356C T16368C G16390A A16399G	6	6	0
mtNG_098	C16223T A16316T G16390A	5	5	0
mtNG_099	G16390A T16519C	238	238	0
mtNG_099	Other sequences	19	19	0
